report_no,incident_time,complaint_type,cctv_flag,precinct_code,area_code,area_name,cctv_count,population_density,rounds_per_day,crime_code,crime_type,weapon_code,weapon_desc,case_status_code,case_status_desc,victim_code,victim_name,victim_sex,victim_age,was_victim_alone,is_victim_insured,offender_code,offender_name,offender_sex,offender_age,repeated_offender,no_of_offences,offender_relation,officer_code,officer_name,officer_sex,avg_close_days,week_number
200100708,15:30:00,Phone,FALSE,6,990,Hollenbeck,170,6686,5,624,BATTERY - SIMPLE ASSAULT,500,UNKNOWN WEAPON/OTHER WEAPON,IC,Invest Cont,71122,Rufus,M,35,No,Yes,1086406,Amya,F,40,Yes,6,No,3260,Loletha,F,14,4
200100799,01:53:00,Phone,FALSE,3,336,Van Nuys,250,4149,9,310,BURGLARY,113,SIMULATED GUN,IC,Invest Cont,40645,Ellie,F,53,No,No,905109,Judson,M,35,Yes,7,No,3245,Arretta,F,12,4
200105774,22:15:00,In-Person,FALSE,7,1001,Hollywood,280,3200,8,624,BATTERY - SIMPLE ASSAULT,500,UNKNOWN WEAPON/OTHER WEAPON,IC,Invest Cont,113351,Carly,F,60,No,No,1276562,Coleen,F,37,Yes,7,No,5100,Rheda,F,12,4
200105776,19:30:00,Phone,FALSE,5,893,Harbor,180,6500,10,930,CRIMINAL THREATS - NO WEAPON D,212,BOTTLE,IC,Invest Cont,16719,Faye,F,48,No,No,1520452,Jarod,M,39,Yes,5,No,4002,Lynnmarie,F,12,4
200105777,19:30:00,In-Person,FALSE,4,425,Rampart,165,8500,5,930,CRIMINAL THREATS - NO WEAPON D,212,BOTTLE,IC,Invest Cont,83606,Sonia,F,39,Yes,Yes,280986,Dalia,F,32,Yes,3,No,1033,Niki,M,14,4
200105778,17:45:00,Phone,FALSE,7,1001,Hollywood,280,3200,8,442,SHOPLIFTING - PETTY THEFT ($95,400,"STRONG-ARM (HANDS, FIST, FEET ",IC,Invest Cont,118544,Camille,F,30,Yes,No,1854491,Francisca,F,39,Yes,7,No,5100,Rheda,F,12,4
200105779,16:46:00,Phone,FALSE,7,1001,Hollywood,280,3200,8,442,SHOPLIFTING - PETTY THEFT ($95,400,"STRONG-ARM (HANDS, FIST, FEET ",AA,Adult Arrest,79466,Opal,F,49,No,Yes,883316,Hunter,F,32,Yes,1,No,5100,Rheda,F,12,4
200105780,02:00:00,Phone,FALSE,4,425,Rampart,165,8500,5,230,"ASSAULT WITH DEADLY WEAPON, AG",216,SCISSORS,IC,Invest Cont,77489,Nichole,F,37,Yes,No,1300485,Brynlee,F,40,No,0,No,1033,Niki,M,14,4
200105781,11:04:00,Phone,FALSE,3,336,Van Nuys,250,4149,9,648,ARSON,218,OTHER CUTTING INSTRUMENT,IC,Invest Cont,49377,Ramona,F,57,No,No,1152532,Cyril,M,35,No,0,No,1026,Jermale,M,9,4
200105782,05:00:00,In-Person,FALSE,3,336,Van Nuys,250,4149,9,626,INTIMATE PARTNER - SIMPLE ASSA,109,SEMI-AUTOMATIC PISTOL,IC,Invest Cont,25761,Cheyenne,F,32,Yes,No,2326905,Gale,M,36,No,0,No,1026,Jermale,M,9,4
200105784,19:00:00,Phone,FALSE,7,1001,Hollywood,280,3200,8,330,BURGLARY FROM VEHICLE,302,BLUNT INSTRUMENT,IC,Invest Cont,11924,Scarlett,F,54,Yes,Yes,498394,Christen,F,35,Yes,2,No,5100,Rheda,F,12,4
200105785,17:10:00,Phone,FALSE,7,1001,Hollywood,280,3200,8,341,THEFT-GRAND ($950.01 & OVER)EX,208,RAZOR,IC,Invest Cont,5049,Flora,F,58,No,Yes,150838,Carlee,F,34,Yes,3,No,5100,Rheda,F,12,4
200105787,11:50:00,Phone,FALSE,4,425,Rampart,165,8500,5,341,THEFT-GRAND ($950.01 & OVER)EX,208,RAZOR,IC,Invest Cont,55355,Sonya,F,37,Yes,Yes,1597659,Stevie,M,30,No,0,No,1033,Niki,M,14,4
200105788,19:45:00,Phone,FALSE,5,887,Newton,275,3409,12,341,THEFT-GRAND ($950.01 & OVER)EX,208,RAZOR,IC,Invest Cont,81875,Jace,M,46,No,Yes,145248,Zella,F,33,No,0,No,4002,Lynnmarie,F,12,4
200105789,21:17:00,Phone,FALSE,3,371,West LA,244,5500,9,910,KIDNAPPING,308,STICK,IC,Invest Cont,84869,Della,F,7,No,No,366318,Nikita,F,41,Yes,5,No,1026,Jermale,M,9,4
200105790,20:00:00,Phone,FALSE,4,425,Rampart,165,8500,5,330,BURGLARY FROM VEHICLE,302,BLUNT INSTRUMENT,IC,Invest Cont,104626,Leonardo,M,41,Yes,Yes,1511530,Annalise,F,41,No,0,No,3251,Genever,F,11,4
200105791,12:00:00,Phone,FALSE,3,336,Van Nuys,250,4149,9,480,BIKE - STOLEN,504,DEMAND NOTE,IC,Invest Cont,77168,Penelope,F,58,No,No,847676,Birdie,F,41,No,0,No,1026,Jermale,M,9,4
200105792,10:20:00,Phone,FALSE,1,223,West Valley,268,3950,8,440,THEFT PLAIN - PETTY ($950 & UN,102,HAND GUN,IC,Invest Cont,100944,Lorenzo,M,44,No,Yes,2313905,Lizette,F,31,No,0,No,1111,Kaushik,M,8,4
200105793,12:10:00,In-Person,FALSE,1,223,West Valley,268,3950,8,440,THEFT PLAIN - PETTY ($950 & UN,102,HAND GUN,IC,Invest Cont,52991,Genesis,F,50,Yes,Yes,1713009,Lulu,F,40,No,0,No,2039,Vikash,M,10,4
200105794,14:45:00,In-Person,FALSE,5,893,Harbor,180,6500,10,946,OTHER MISCELLANEOUS CRIME,204,FOLDING KNIFE,IC,Invest Cont,102597,Jonah,M,49,Yes,Yes,922485,Morton,M,36,Yes,2,No,4002,Lynnmarie,F,12,4
200105795,19:00:00,Phone,FALSE,5,887,Newton,275,3409,12,740,VANDALISM - FELONY ($400 & OVE,200,KNIFE WITH BLADE 6INCHES OR LE,IC,Invest Cont,11631,Daryl,M,46,No,Yes,1306339,Roselyn,F,37,No,0,No,4002,Lynnmarie,F,12,4
200105796,14:55:00,Phone,FALSE,3,371,West LA,244,5500,9,440,THEFT PLAIN - PETTY ($950 & UN,102,HAND GUN,IC,Invest Cont,37468,Lila,F,60,Yes,Yes,1146693,Lawanda,F,41,Yes,3,No,1026,Jermale,M,9,4
200105805,09:30:00,Phone,FALSE,3,371,West LA,244,5500,9,888,TRESPASSING,501,BOMB THREAT,IC,Invest Cont,50601,Kristopher,M,41,Yes,No,2116414,Hank,M,33,Yes,1,No,1026,Jermale,M,9,4
200105807,01:00:00,Phone,FALSE,1,223,West Valley,268,3950,8,626,INTIMATE PARTNER - SIMPLE ASSA,109,SEMI-AUTOMATIC PISTOL,IC,Invest Cont,84326,Natalia,F,48,No,No,2282668,Janel,F,30,Yes,3,No,2039,Vikash,M,10,4
200105808,15:00:00,Phone,FALSE,1,223,West Valley,268,3950,8,330,BURGLARY FROM VEHICLE,302,BLUNT INSTRUMENT,IC,Invest Cont,7896,Malcolm,M,50,No,No,20294,Ronan,M,40,No,0,No,2039,Vikash,M,10,4
200105809,15:00:00,Phone,FALSE,4,425,Rampart,165,8500,5,510,VEHICLE - STOLEN,207,OTHER KNIFE,IC,Invest Cont,44510,Gianna,F,41,Yes,Yes,1033794,Nasir,M,39,Yes,2,No,3251,Genever,F,11,4
200105812,18:10:00,Phone,FALSE,3,336,Van Nuys,250,4149,9,664,"BUNCO, PETTY THEFT",103,RIFLE,IC,Invest Cont,97492,Inez,F,60,No,No,2003699,Celine,F,32,No,0,No,1026,Jermale,M,9,4
200105821,15:30:00,In-Person,FALSE,4,425,Rampart,165,8500,5,662,"BUNCO, GRAND THEFT",512,MACE/PEPPER SPRAY,IC,Invest Cont,60664,Skylar,F,57,No,Yes,1503268,Diann,F,32,No,0,No,3251,Genever,F,11,4
200105824,18:00:00,In-Person,FALSE,4,425,Rampart,165,8500,5,341,THEFT-GRAND ($950.01 & OVER)EX,208,RAZOR,IC,Invest Cont,51036,Valeria,F,57,Yes,No,1132487,Knox,M,32,Yes,7,No,3251,Genever,F,11,4
200105825,08:25:00,Phone,FALSE,4,425,Rampart,165,8500,5,910,KIDNAPPING,308,STICK,IC,Invest Cont,28161,Marianne,F,7,Yes,No,1389273,Kailee,F,30,No,0,No,3251,Genever,F,11,4
200105826,10:00:00,Phone,FALSE,3,371,West LA,244,5500,9,442,SHOPLIFTING - PETTY THEFT ($95,400,"STRONG-ARM (HANDS, FIST, FEET ",IC,Invest Cont,76636,Damon,M,55,No,No,338206,Annemarie,F,37,No,0,No,1027,Jonavan,M,8,4
200105829,21:00:00,In-Person,FALSE,7,1001,Hollywood,280,3200,8,510,VEHICLE - STOLEN,207,OTHER KNIFE,IC,Invest Cont,101277,Lincoln,M,56,No,No,1339780,Kasey,M,36,No,0,No,3256,Gracelin,F,11,4
200105830,11:25:00,Phone,FALSE,1,223,West Valley,268,3950,8,236,INTIMATE PARTNER - AGGRAVATED,205,KITCHEN KNIFE,IC,Invest Cont,59467,Luther,M,42,Yes,No,758460,Wilhelmina,F,40,Yes,5,No,2039,Vikash,M,10,4
200105834,13:50:00,Phone,FALSE,7,1001,Hollywood,280,3200,8,624,BATTERY - SIMPLE ASSAULT,500,UNKNOWN WEAPON/OTHER WEAPON,IC,Invest Cont,45541,Guadalupe,F,39,No,Yes,342670,Giovanna,F,39,Yes,5,No,5100,Rheda,F,12,4
200105837,18:05:00,Phone,FALSE,7,1001,Hollywood,280,3200,8,624,BATTERY - SIMPLE ASSAULT,500,UNKNOWN WEAPON/OTHER WEAPON,IC,Invest Cont,47712,Fredrick,M,7,Yes,Yes,550927,Brodie,M,35,Yes,4,No,3256,Gracelin,F,11,4
200105838,06:00:00,Phone,FALSE,3,336,Van Nuys,250,4149,9,440,THEFT PLAIN - PETTY ($950 & UN,102,HAND GUN,IC,Invest Cont,14718,Jada,F,51,No,Yes,1026172,Mervin,M,33,No,0,No,7010,Syann,F,9,4
200105848,13:35:00,Phone,FALSE,7,1001,Hollywood,280,3200,8,442,SHOPLIFTING - PETTY THEFT ($95,400,"STRONG-ARM (HANDS, FIST, FEET ",IC,Invest Cont,41918,Dillon,M,33,No,Yes,1982804,Tamia,F,41,No,0,No,3256,Gracelin,F,11,4
200105850,08:50:00,Phone,FALSE,5,887,Newton,275,3409,12,440,THEFT PLAIN - PETTY ($950 & UN,102,HAND GUN,IC,Invest Cont,98709,Dallas,M,35,Yes,No,1723599,Georgie,F,34,Yes,1,No,4002,Lynnmarie,F,12,4
200105854,21:40:00,Phone,FALSE,4,425,Rampart,165,8500,5,624,BATTERY - SIMPLE ASSAULT,500,UNKNOWN WEAPON/OTHER WEAPON,IC,Invest Cont,92014,Alexis,M,35,Yes,Yes,622798,Cori,F,32,No,0,No,3250,Courtnei,F,14,4
200105857,18:17:00,Phone,FALSE,5,887,Newton,275,3409,12,624,BATTERY - SIMPLE ASSAULT,500,UNKNOWN WEAPON/OTHER WEAPON,IC,Invest Cont,120125,Geoffrey,M,55,No,No,147901,Anissa,F,32,No,0,No,4002,Lynnmarie,F,12,4
200105859,19:45:00,Phone,FALSE,5,893,Harbor,180,6500,10,910,KIDNAPPING,308,STICK,IC,Invest Cont,23005,Dave,M,7,No,Yes,1094828,Shayne,M,33,No,0,No,2040,Yassir,M,13,4
200105861,12:00:00,Phone,FALSE,4,425,Rampart,165,8500,5,930,CRIMINAL THREATS - NO WEAPON D,212,BOTTLE,IC,Invest Cont,9255,Dominick,M,33,No,Yes,1687228,Vince,M,31,No,0,No,1033,Niki,M,14,4
200105862,00:30:00,Phone,FALSE,5,887,Newton,275,3409,12,210,ROBBERY,515,PHYSICAL PRESENCE,IC,Invest Cont,81399,Bryson,M,54,Yes,No,1796898,Matias,M,40,No,0,No,4002,Lynnmarie,F,12,4
200105863,20:20:00,Phone,FALSE,3,371,West LA,244,5500,9,350,"THEFT, PERSON",221,GLASS,IC,Invest Cont,101290,Angie,F,39,No,Yes,2283848,Clair,M,34,No,0,No,1027,Jonavan,M,8,4
200105864,23:55:00,In-Person,FALSE,5,887,Newton,275,3409,12,625,OTHER ASSAULT,104,SHOTGUN,IC,Invest Cont,64277,Lynne,F,46,No,No,1158423,Damaris,F,33,Yes,3,No,4002,Lynnmarie,F,12,4
200105865,16:30:00,Phone,FALSE,5,887,Newton,275,3409,12,350,"THEFT, PERSON",221,GLASS,AA,Adult Arrest,89775,Lee,F,7,Yes,Yes,1313306,Breanne,F,31,No,0,No,2040,Yassir,M,13,4
200105866,21:30:00,Phone,FALSE,3,371,West LA,244,5500,9,745,VANDALISM - MISDEAMEANOR ($399,306,ROCK/THROWN OBJECT,IC,Invest Cont,84659,Kari,F,39,No,No,1714776,Erich,M,40,No,0,No,1027,Jonavan,M,8,4
200105869,16:30:00,In-Person,FALSE,4,425,Rampart,165,8500,5,440,THEFT PLAIN - PETTY ($950 & UN,102,HAND GUN,IC,Invest Cont,19742,Bella,F,41,No,Yes,1406457,Christin,F,41,Yes,1,No,1033,Niki,M,14,4
200105870,10:00:00,In-Person,FALSE,4,425,Rampart,165,8500,5,910,KIDNAPPING,308,STICK,IC,Invest Cont,32556,Cristian,M,7,Yes,No,2000672,Shelton,M,41,No,0,No,3250,Courtnei,F,14,4
200105871,04:15:00,Phone,FALSE,5,887,Newton,275,3409,12,440,THEFT PLAIN - PETTY ($950 & UN,102,HAND GUN,AA,Adult Arrest,30646,Maryann,F,52,Yes,Yes,976699,Maranda,F,39,No,0,No,5245,Scotlynn,F,9,4
200105872,18:30:00,In-Person,FALSE,5,887,Newton,275,3409,12,740,VANDALISM - FELONY ($400 & OVE,200,KNIFE WITH BLADE 6INCHES OR LE,IC,Invest Cont,100974,Gayle,F,33,No,No,416218,Luciano,M,37,No,0,No,4003,Melah,F,10,4
200105878,16:00:00,Phone,FALSE,5,893,Harbor,180,6500,10,442,SHOPLIFTING - PETTY THEFT ($95,400,"STRONG-ARM (HANDS, FIST, FEET ",IC,Invest Cont,94269,Tabitha,F,49,Yes,Yes,508054,Marquita,F,30,Yes,5,No,4003,Melah,F,10,4
200105880,21:00:00,Phone,FALSE,5,893,Harbor,180,6500,10,330,BURGLARY FROM VEHICLE,302,BLUNT INSTRUMENT,IC,Invest Cont,19003,Sheri,F,52,No,Yes,1232628,Ciera,F,30,No,0,No,4003,Melah,F,10,4
200105882,23:00:00,Phone,FALSE,5,893,Harbor,180,6500,10,740,VANDALISM - FELONY ($400 & OVE,200,KNIFE WITH BLADE 6INCHES OR LE,IC,Invest Cont,43501,Patty,F,58,No,Yes,2186816,Dayana,F,34,Yes,3,No,2040,Yassir,M,13,4
200105884,16:05:00,In-Person,FALSE,7,1001,Hollywood,280,3200,8,740,VANDALISM - FELONY ($400 & OVE,200,KNIFE WITH BLADE 6INCHES OR LE,IC,Invest Cont,64452,Olga,F,42,Yes,No,838992,Skyla,F,36,No,0,No,3256,Gracelin,F,11,4
200105885,21:07:00,In-Person,FALSE,7,1001,Hollywood,280,3200,8,956,"LETTERS, LEWD  -  TELEPHONE CA",206,SWITCH BLADE,IC,Invest Cont,11559,Rickey,M,51,No,Yes,572976,Reggie,M,41,Yes,1,No,3256,Gracelin,F,11,4
200105891,14:00:00,Phone,FALSE,5,887,Newton,275,3409,12,341,THEFT-GRAND ($950.01 & OVER)EX,208,RAZOR,IC,Invest Cont,67785,Israel,M,52,No,No,2070981,Jolie,F,39,No,0,No,4003,Melah,F,10,4
200105898,10:05:00,Phone,FALSE,4,425,Rampart,165,8500,5,888,TRESPASSING,501,BOMB THREAT,IC,Invest Cont,48887,Alisha,F,33,No,No,142489,Finley,M,39,No,0,No,3250,Courtnei,F,14,4
200105903,09:00:00,In-Person,FALSE,7,1001,Hollywood,280,3200,8,624,BATTERY - SIMPLE ASSAULT,500,UNKNOWN WEAPON/OTHER WEAPON,IC,Invest Cont,75837,Santiago,M,49,No,Yes,996438,Dudley,M,40,Yes,3,No,5100,Rheda,F,12,4
200105905,08:10:00,Phone,FALSE,7,1001,Hollywood,280,3200,8,761,BRANDISH WEAPON,307,VEHICLE,IC,Invest Cont,64366,Tracy,M,42,Yes,No,536970,Ashanti,F,37,Yes,2,No,3256,Gracelin,F,11,4
200105906,10:45:00,In-Person,FALSE,3,371,West LA,244,5500,9,910,KIDNAPPING,308,STICK,IC,Invest Cont,35316,Julio,M,7,No,Yes,662430,Deangelo,M,36,Yes,1,No,1027,Jonavan,M,8,4
200105907,16:45:00,In-Person,FALSE,5,893,Harbor,180,6500,10,624,BATTERY - SIMPLE ASSAULT,500,UNKNOWN WEAPON/OTHER WEAPON,IC,Invest Cont,55625,Kaden,M,58,No,Yes,2012893,Kennedi,F,41,No,0,No,4003,Melah,F,10,4
200105909,12:00:00,Phone,FALSE,5,887,Newton,275,3409,12,341,THEFT-GRAND ($950.01 & OVER)EX,208,RAZOR,IC,Invest Cont,82835,Abby,F,56,No,No,210484,Leta,F,32,No,0,No,5245,Scotlynn,F,9,4
200105910,20:00:00,Phone,FALSE,4,425,Rampart,165,8500,5,330,BURGLARY FROM VEHICLE,302,BLUNT INSTRUMENT,IC,Invest Cont,99074,Alana,F,56,No,Yes,1718090,Miley,F,32,No,0,No,1033,Niki,M,14,4
200105911,15:30:00,Phone,FALSE,3,336,Van Nuys,250,4149,9,442,SHOPLIFTING - PETTY THEFT ($95,400,"STRONG-ARM (HANDS, FIST, FEET ",IC,Invest Cont,16258,Daniela,F,36,No,Yes,1196891,Abbigail,F,35,No,0,No,1027,Jonavan,M,8,4
200105912,20:30:00,Phone,FALSE,3,336,Van Nuys,250,4149,9,330,BURGLARY FROM VEHICLE,302,BLUNT INSTRUMENT,IC,Invest Cont,76177,Kaitlin,F,54,Yes,No,2222988,Iona,F,30,Yes,6,No,1027,Jonavan,M,8,4
200105913,16:30:00,In-Person,FALSE,4,425,Rampart,165,8500,5,624,BATTERY - SIMPLE ASSAULT,500,UNKNOWN WEAPON/OTHER WEAPON,IC,Invest Cont,57291,Myra,F,47,Yes,Yes,1939081,Roxana,F,36,Yes,1,No,1033,Niki,M,14,4
200105914,13:45:00,In-Person,FALSE,3,336,Van Nuys,250,4149,9,442,SHOPLIFTING - PETTY THEFT ($95,400,"STRONG-ARM (HANDS, FIST, FEET ",IC,Invest Cont,112457,Roxanne,F,46,Yes,No,2005025,Annamarie,F,41,Yes,1,No,1027,Jonavan,M,8,4
200105920,13:20:00,In-Person,FALSE,3,371,West LA,244,5500,9,624,BATTERY - SIMPLE ASSAULT,500,UNKNOWN WEAPON/OTHER WEAPON,IC,Invest Cont,116760,Caden,M,46,Yes,No,658563,Layne,M,39,No,0,No,1027,Jonavan,M,8,4
200105922,16:00:00,In-Person,FALSE,7,1001,Hollywood,280,3200,8,330,BURGLARY FROM VEHICLE,302,BLUNT INSTRUMENT,IC,Invest Cont,29336,Annabelle,F,51,No,No,1158101,Maudie,F,34,Yes,6,No,3256,Gracelin,F,11,4
200105924,10:20:00,In-Person,FALSE,5,893,Harbor,180,6500,10,330,BURGLARY FROM VEHICLE,302,BLUNT INSTRUMENT,IC,Invest Cont,5591,Karina,F,32,No,No,163208,Veda,F,30,No,0,No,2040,Yassir,M,13,4
200105925,18:00:00,Phone,FALSE,7,1001,Hollywood,280,3200,8,330,BURGLARY FROM VEHICLE,302,BLUNT INSTRUMENT,IC,Invest Cont,22829,Donnie,M,58,Yes,No,1430737,Davion,M,35,Yes,7,No,3256,Gracelin,F,11,4
200105926,22:10:00,Phone,FALSE,5,887,Newton,275,3409,12,930,CRIMINAL THREATS - NO WEAPON D,212,BOTTLE,IC,Invest Cont,33547,Kendall,F,47,No,No,430787,Twila,F,41,No,0,No,4003,Melah,F,10,4
200105930,02:10:00,Phone,FALSE,5,893,Harbor,180,6500,10,210,ROBBERY,515,PHYSICAL PRESENCE,IC,Invest Cont,62263,Homer,M,59,Yes,Yes,222328,Kaylyn,F,40,Yes,1,No,2040,Yassir,M,13,4
200105931,00:10:00,In-Person,FALSE,4,425,Rampart,165,8500,5,230,"ASSAULT WITH DEADLY WEAPON, AG",216,SCISSORS,IC,Invest Cont,67532,Lyle,M,36,No,No,1150856,Dahlia,F,33,No,0,No,1033,Niki,M,14,4
200105935,06:00:00,Phone,FALSE,5,893,Harbor,180,6500,10,420,THEFT FROM MOTOR VEHICLE - PET,506,FIRE,IC,Invest Cont,75608,Mallory,F,53,Yes,No,1784352,Angelita,F,40,Yes,4,No,4003,Melah,F,10,4
200105938,10:55:00,Phone,FALSE,4,425,Rampart,165,8500,5,956,"LETTERS, LEWD  -  TELEPHONE CA",206,SWITCH BLADE,IC,Invest Cont,34296,Callie,F,53,No,No,1728447,Jadyn,F,37,No,0,No,3250,Courtnei,F,14,4
200105943,07:30:00,Phone,FALSE,5,887,Newton,275,3409,12,236,INTIMATE PARTNER - AGGRAVATED,205,KITCHEN KNIFE,AA,Adult Arrest,9730,Josie,F,41,No,No,885148,Korey,M,36,No,0,No,2040,Yassir,M,13,4
200105945,17:25:00,In-Person,FALSE,7,1001,Hollywood,280,3200,8,903,CONTEMPT OF COURT,107,OTHER FIREARM,IC,Invest Cont,102291,Celeste,F,30,Yes,Yes,1331712,Foster,M,34,Yes,2,No,3256,Gracelin,F,11,4
200105946,07:20:00,Phone,FALSE,5,887,Newton,275,3409,12,624,BATTERY - SIMPLE ASSAULT,500,UNKNOWN WEAPON/OTHER WEAPON,IC,Invest Cont,106149,Mckenzie,F,49,Yes,No,688477,Letitia,F,40,Yes,1,No,4003,Melah,F,10,4
200105947,17:30:00,Phone,FALSE,3,336,Van Nuys,250,4149,9,510,VEHICLE - STOLEN,207,OTHER KNIFE,IC,Invest Cont,34084,Adeline,F,30,No,Yes,495657,Jamari,M,35,No,0,No,1027,Jonavan,M,8,4
200105954,07:00:00,In-Person,FALSE,3,336,Van Nuys,250,4149,9,510,VEHICLE - STOLEN,207,OTHER KNIFE,IC,Invest Cont,24118,Aurora,F,54,No,Yes,534189,Chana,F,37,No,0,No,1027,Jonavan,M,8,4
200105960,13:46:00,In-Person,FALSE,5,887,Newton,275,3409,12,900,VIOLATION OF COURT ORDER,223,UNKNOWN TYPE CUTTING INSTRUMEN,IC,Invest Cont,106521,Rex,M,39,No,Yes,1282796,Earle,M,35,Yes,2,No,2040,Yassir,M,13,4
200105962,16:47:00,In-Person,FALSE,5,887,Newton,275,3409,12,442,SHOPLIFTING - PETTY THEFT ($95,400,"STRONG-ARM (HANDS, FIST, FEET ",IC,Invest Cont,96379,Enrique,M,53,No,No,1405170,Adelina,F,30,Yes,1,No,2040,Yassir,M,13,4
200105963,12:00:00,Phone,FALSE,3,336,Van Nuys,250,4149,9,649,DOCUMENT FORGERY / STOLEN FELO,311,HAMMER,IC,Invest Cont,63711,Otis,M,33,Yes,Yes,2375333,Shea,F,41,No,0,No,1027,Jonavan,M,8,4
200105968,23:50:00,Phone,FALSE,5,893,Harbor,180,6500,10,230,"ASSAULT WITH DEADLY WEAPON, AG",216,SCISSORS,IC,Invest Cont,22327,Lilly,F,53,No,No,346346,Vern,M,41,Yes,2,No,2040,Yassir,M,13,4
200105971,13:00:00,Phone,FALSE,2,323,Northeast,255,4100,9,442,SHOPLIFTING - PETTY THEFT ($95,400,"STRONG-ARM (HANDS, FIST, FEET ",AA,Adult Arrest,36357,Gage,M,57,Yes,Yes,753504,Cherry,F,35,Yes,1,No,3247,Christon,F,14,4
200105972,12:15:00,In-Person,FALSE,5,893,Harbor,180,6500,10,230,"ASSAULT WITH DEADLY WEAPON, AG",216,SCISSORS,IC,Invest Cont,104917,Jody,F,42,No,No,109776,Lesa,F,30,Yes,1,No,5245,Scotlynn,F,9,4
200105973,12:15:00,Phone,FALSE,5,893,Harbor,180,6500,10,624,BATTERY - SIMPLE ASSAULT,500,UNKNOWN WEAPON/OTHER WEAPON,IC,Invest Cont,33913,Earnest,M,39,No,No,2010781,Aylin,F,30,Yes,4,No,2040,Yassir,M,13,4
200105974,11:00:00,Phone,FALSE,3,371,West LA,244,5500,9,510,VEHICLE - STOLEN,207,OTHER KNIFE,AA,Adult Arrest,121201,Donovan,M,48,Yes,No,206410,Trace,M,37,Yes,6,No,1027,Jonavan,M,8,4
200105975,23:30:00,Phone,FALSE,3,371,West LA,244,5500,9,910,KIDNAPPING,308,STICK,IC,Invest Cont,71785,Janelle,F,7,Yes,No,1397597,Valencia,F,41,Yes,3,No,1027,Jonavan,M,8,4
200105976,10:36:00,Phone,FALSE,4,425,Rampart,165,8500,5,442,SHOPLIFTING - PETTY THEFT ($95,400,"STRONG-ARM (HANDS, FIST, FEET ",IC,Invest Cont,24165,Serenity,F,44,Yes,Yes,1315368,Danika,F,32,No,0,No,1033,Niki,M,14,4
200105977,09:25:00,In-Person,FALSE,4,425,Rampart,165,8500,5,230,"ASSAULT WITH DEADLY WEAPON, AG",216,SCISSORS,IC,Invest Cont,70350,Trenton,M,30,Yes,No,2255558,Alfreda,F,34,Yes,5,No,1033,Niki,M,14,4
200105980,20:40:00,Phone,FALSE,3,336,Van Nuys,250,4149,9,946,OTHER MISCELLANEOUS CRIME,204,FOLDING KNIFE,IC,Invest Cont,70367,Aimee,F,60,No,Yes,236910,Cleo,M,37,Yes,5,No,1027,Jonavan,M,8,4
200105981,15:00:00,Phone,FALSE,3,371,West LA,244,5500,9,330,BURGLARY FROM VEHICLE,302,BLUNT INSTRUMENT,IC,Invest Cont,54651,Kirsten,F,32,No,No,1749,Cornell,M,37,Yes,4,No,1027,Jonavan,M,8,4
200105989,21:30:00,Phone,FALSE,7,1001,Hollywood,280,3200,8,624,BATTERY - SIMPLE ASSAULT,500,UNKNOWN WEAPON/OTHER WEAPON,IC,Invest Cont,107248,Asher,M,31,Yes,Yes,1159402,Dessie,F,35,No,0,No,3256,Gracelin,F,11,4
200105990,23:30:00,Phone,FALSE,7,1001,Hollywood,280,3200,8,330,BURGLARY FROM VEHICLE,302,BLUNT INSTRUMENT,IC,Invest Cont,123670,Hubert,M,32,Yes,Yes,789428,Tayler,F,35,Yes,4,No,3256,Gracelin,F,11,4
200105991,04:00:00,Phone,FALSE,3,371,West LA,244,5500,9,210,ROBBERY,515,PHYSICAL PRESENCE,IC,Invest Cont,9870,Dianna,F,50,Yes,Yes,592839,Jamel,M,32,No,0,No,1027,Jonavan,M,8,4
200105992,02:50:00,Phone,FALSE,3,371,West LA,244,5500,9,740,VANDALISM - FELONY ($400 & OVE,200,KNIFE WITH BLADE 6INCHES OR LE,IC,Invest Cont,50473,Avery,M,42,No,No,1296311,Marlena,F,32,No,0,No,1027,Jonavan,M,8,4
200105993,22:45:00,Phone,FALSE,5,893,Harbor,180,6500,10,901,VIOLATION OF RESTRAINING ORDER,101,REVOLVER,IC,Invest Cont,20878,Cecelia,F,46,No,No,2370478,Claudine,F,39,Yes,5,No,2040,Yassir,M,13,4
200105997,16:30:00,Phone,FALSE,5,893,Harbor,180,6500,10,910,KIDNAPPING,308,STICK,IC,Invest Cont,16239,Mya,F,7,No,Yes,875698,Joe,F,33,No,0,No,2040,Yassir,M,13,4
200105998,01:40:00,Phone,FALSE,5,893,Harbor,180,6500,10,668,"EMBEZZLEMENT, GRAND THEFT ($95",310,CONCRETE BLOCK/BRICK,IC,Invest Cont,81325,Emmett,M,56,No,Yes,2293249,Breana,F,34,No,0,No,4003,Melah,F,10,4
200105999,12:30:00,In-Person,FALSE,7,1001,Hollywood,280,3200,8,740,VANDALISM - FELONY ($400 & OVE,200,KNIFE WITH BLADE 6INCHES OR LE,IC,Invest Cont,113132,Olive,F,31,Yes,Yes,2351715,Julien,M,33,Yes,3,No,3256,Gracelin,F,11,4
200106002,10:00:00,In-Person,FALSE,4,425,Rampart,165,8500,5,440,THEFT PLAIN - PETTY ($950 & UN,102,HAND GUN,IC,Invest Cont,66573,Lacey,F,30,No,Yes,2183473,Hana,F,37,No,0,No,1033,Niki,M,14,4
200106003,10:00:00,In-Person,FALSE,5,887,Newton,275,3409,12,624,BATTERY - SIMPLE ASSAULT,500,UNKNOWN WEAPON/OTHER WEAPON,IC,Invest Cont,58409,Liliana,F,51,No,No,1727467,Rigoberto,M,33,No,0,No,4003,Melah,F,10,4
200106004,12:00:00,Phone,FALSE,5,887,Newton,275,3409,12,480,BIKE - STOLEN,504,DEMAND NOTE,IC,Invest Cont,103840,Mateo,M,39,Yes,Yes,1885967,Brycen,M,30,Yes,1,No,4003,Melah,F,10,4
200106005,18:40:00,Phone,FALSE,3,336,Van Nuys,250,4149,9,910,KIDNAPPING,308,STICK,IC,Invest Cont,94937,Salvatore,M,7,No,Yes,396533,Milan,M,30,No,0,No,1027,Jonavan,M,8,4
200106006,09:00:00,Phone,FALSE,4,425,Rampart,165,8500,5,480,BIKE - STOLEN,504,DEMAND NOTE,IC,Invest Cont,8996,Cara,F,33,Yes,No,79082,Racheal,F,30,No,0,No,1033,Niki,M,14,4
200106007,17:20:00,In-Person,FALSE,5,893,Harbor,180,6500,10,440,THEFT PLAIN - PETTY ($950 & UN,102,HAND GUN,IC,Invest Cont,83078,Muriel,F,38,Yes,Yes,2040611,Leora,F,31,Yes,4,No,4003,Melah,F,10,4
200106008,03:30:00,Phone,FALSE,5,887,Newton,275,3409,12,230,"ASSAULT WITH DEADLY WEAPON, AG",216,SCISSORS,IC,Invest Cont,44336,Alfredo,M,50,Yes,No,2369031,Cordelia,F,36,No,0,No,5245,Scotlynn,F,9,4
200106012,14:31:00,Phone,FALSE,4,425,Rampart,165,8500,5,341,THEFT-GRAND ($950.01 & OVER)EX,208,RAZOR,IC,Invest Cont,106309,Mikayla,F,58,Yes,No,71500,Farrah,F,30,No,0,No,1033,Niki,M,14,4
200106013,23:30:00,In-Person,FALSE,7,1001,Hollywood,280,3200,8,330,BURGLARY FROM VEHICLE,302,BLUNT INSTRUMENT,IC,Invest Cont,48247,Eliza,F,56,Yes,Yes,1698307,Triston,M,32,Yes,6,No,3256,Gracelin,F,11,4
200106014,16:00:00,In-Person,FALSE,3,336,Van Nuys,250,4149,9,341,THEFT-GRAND ($950.01 & OVER)EX,208,RAZOR,IC,Invest Cont,53072,Hayley,F,44,No,No,555894,Florine,F,30,No,0,No,1027,Jonavan,M,8,4
200106015,09:10:00,Phone,FALSE,4,425,Rampart,165,8500,5,330,BURGLARY FROM VEHICLE,302,BLUNT INSTRUMENT,AA,Adult Arrest,119611,Nadine,F,49,No,No,2333708,Alva,M,30,No,0,No,1034,Press,M,14,4
200106016,02:00:00,Phone,FALSE,3,336,Van Nuys,250,4149,9,330,BURGLARY FROM VEHICLE,302,BLUNT INSTRUMENT,IC,Invest Cont,52352,Bernadette,F,55,No,Yes,1816220,Booker,M,33,No,0,No,1027,Jonavan,M,8,4
200106021,06:00:00,In-Person,FALSE,7,1001,Hollywood,280,3200,8,341,THEFT-GRAND ($950.01 & OVER)EX,208,RAZOR,IC,Invest Cont,120477,Celia,F,41,Yes,Yes,1725223,Rhys,M,32,Yes,2,No,3263,Lundon,F,9,4
200106023,08:15:00,Phone,FALSE,3,336,Van Nuys,250,4149,9,626,INTIMATE PARTNER - SIMPLE ASSA,109,SEMI-AUTOMATIC PISTOL,IC,Invest Cont,34382,Arturo,M,60,Yes,No,468095,Millicent,F,40,No,0,No,1027,Jonavan,M,8,4
200106024,22:20:00,Phone,FALSE,7,1001,Hollywood,280,3200,8,330,BURGLARY FROM VEHICLE,302,BLUNT INSTRUMENT,IC,Invest Cont,59048,Cristina,F,58,Yes,No,508087,Cristopher,M,40,Yes,5,No,3256,Gracelin,F,11,4
200106025,16:30:00,Phone,FALSE,7,1001,Hollywood,280,3200,8,331,THEFT FROM MOTOR VEHICLE - GRA,312,PIPE/METAL PIPE,IC,Invest Cont,90279,Jan,F,57,Yes,No,2033627,Maliyah,F,31,No,0,No,3256,Gracelin,F,11,4
200106028,16:00:00,In-Person,FALSE,5,893,Harbor,180,6500,10,624,BATTERY - SIMPLE ASSAULT,500,UNKNOWN WEAPON/OTHER WEAPON,IC,Invest Cont,36668,Jordyn,F,32,Yes,Yes,121151,Kacey,F,33,No,0,No,2040,Yassir,M,13,4
200106037,19:20:00,Phone,FALSE,7,1001,Hollywood,280,3200,8,420,THEFT FROM MOTOR VEHICLE - PET,506,FIRE,IC,Invest Cont,65093,Lana,F,30,No,Yes,1698481,Alysha,F,31,Yes,2,No,3263,Lundon,F,9,4
200106038,16:00:00,Phone,FALSE,4,425,Rampart,165,8500,5,210,ROBBERY,515,PHYSICAL PRESENCE,IC,Invest Cont,118900,Erma,F,59,No,No,1088174,Isis,F,40,Yes,1,No,3223,Anayely,F,11,4
200106039,04:30:00,Phone,FALSE,3,371,West LA,244,5500,9,310,BURGLARY,113,SIMULATED GUN,IC,Invest Cont,59970,Dana,M,33,No,Yes,1453029,Tevin,M,41,Yes,2,No,1026,Jermale,M,9,4
200106040,19:00:00,Phone,FALSE,4,425,Rampart,165,8500,5,210,ROBBERY,515,PHYSICAL PRESENCE,AA,Adult Arrest,97788,Jaclyn,F,59,No,No,1558645,Ace,M,35,Yes,5,No,1034,Press,M,14,4
200106041,14:25:00,Phone,FALSE,4,425,Rampart,165,8500,5,745,VANDALISM - MISDEAMEANOR ($399,306,ROCK/THROWN OBJECT,IC,Invest Cont,47449,Vicky,F,56,No,Yes,1588496,Leia,F,39,No,0,No,3250,Courtnei,F,14,4
200106044,11:05:00,Phone,FALSE,4,425,Rampart,165,8500,5,624,BATTERY - SIMPLE ASSAULT,500,UNKNOWN WEAPON/OTHER WEAPON,IC,Invest Cont,118605,Caitlyn,F,42,Yes,Yes,246758,Jaron,M,36,Yes,5,No,1034,Press,M,14,4
200106049,21:00:00,Phone,FALSE,5,887,Newton,275,3409,12,330,BURGLARY FROM VEHICLE,302,BLUNT INSTRUMENT,IC,Invest Cont,96570,Leland,M,33,Yes,No,728624,Demetria,F,32,No,0,No,4003,Melah,F,10,4
200106050,16:00:00,Phone,FALSE,3,336,Van Nuys,250,4149,9,440,THEFT PLAIN - PETTY ($950 & UN,102,HAND GUN,IC,Invest Cont,71036,Johanna,F,60,No,No,1422202,Patience,F,34,No,0,No,4004,Mirakle,F,9,4
200106058,13:14:00,Phone,FALSE,5,893,Harbor,180,6500,10,649,DOCUMENT FORGERY / STOLEN FELO,311,HAMMER,IC,Invest Cont,38074,Horace,M,35,Yes,Yes,1530555,Bo,M,36,Yes,3,No,5245,Scotlynn,F,9,4
200106061,12:30:00,Phone,FALSE,4,425,Rampart,165,8500,5,910,KIDNAPPING,308,STICK,IC,Invest Cont,99106,Shannon,M,7,Yes,Yes,1579443,Dirk,M,40,No,0,No,1034,Press,M,14,4
200106063,14:30:00,In-Person,FALSE,3,336,Van Nuys,250,4149,9,624,BATTERY - SIMPLE ASSAULT,500,UNKNOWN WEAPON/OTHER WEAPON,IC,Invest Cont,121264,Colby,M,54,Yes,Yes,585970,Janiyah,F,40,No,0,No,1027,Jonavan,M,8,4
200106071,17:50:00,Phone,FALSE,5,887,Newton,275,3409,12,341,THEFT-GRAND ($950.01 & OVER)EX,208,RAZOR,IC,Invest Cont,121192,Joey,M,41,No,Yes,448179,Winona,F,33,Yes,2,No,4003,Melah,F,10,4
200106073,18:30:00,Phone,FALSE,5,887,Newton,275,3409,12,330,BURGLARY FROM VEHICLE,302,BLUNT INSTRUMENT,IC,Invest Cont,123508,Abel,M,31,Yes,No,1503144,Rayna,F,30,No,0,No,5245,Scotlynn,F,9,4
200106074,15:00:00,Phone,FALSE,6,990,Hollenbeck,170,6686,5,740,VANDALISM - FELONY ($400 & OVE,200,KNIFE WITH BLADE 6INCHES OR LE,IC,Invest Cont,107924,Traci,F,37,No,Yes,243592,Mikel,M,32,Yes,3,No,1024,Izreal,M,9,4
200106075,19:00:00,In-Person,FALSE,5,893,Harbor,180,6500,10,330,BURGLARY FROM VEHICLE,302,BLUNT INSTRUMENT,IC,Invest Cont,103804,Kellie,F,54,No,Yes,52899,Ashlie,F,33,Yes,2,No,5245,Scotlynn,F,9,4
200106076,17:20:00,In-Person,FALSE,5,887,Newton,275,3409,12,648,ARSON,218,OTHER CUTTING INSTRUMENT,IC,Invest Cont,84574,Estelle,F,36,No,No,424878,Joseph,F,30,No,0,No,5245,Scotlynn,F,9,4
200106077,08:40:00,Phone,FALSE,4,425,Rampart,165,8500,5,510,VEHICLE - STOLEN,207,OTHER KNIFE,IC,Invest Cont,62258,Kerry,F,41,Yes,Yes,1935618,Kaylynn,F,35,No,0,No,1034,Press,M,14,4
200106078,21:15:00,Phone,FALSE,1,223,West Valley,268,3950,8,330,BURGLARY FROM VEHICLE,302,BLUNT INSTRUMENT,IC,Invest Cont,105670,Ira,M,39,Yes,No,35262,Emmitt,M,33,No,0,No,1111,Kaushik,M,8,4
200106080,20:44:00,Phone,FALSE,4,425,Rampart,165,8500,5,442,SHOPLIFTING - PETTY THEFT ($95,400,"STRONG-ARM (HANDS, FIST, FEET ",AO,Adult Other,36207,Conner,M,57,Yes,No,987840,Ariella,F,40,No,0,No,2036,Tasean,M,8,4
200106082,17:30:00,Phone,FALSE,5,893,Harbor,180,6500,10,625,OTHER ASSAULT,104,SHOTGUN,IC,Invest Cont,36127,Wendell,M,33,No,Yes,1026126,Portia,F,31,No,0,No,2040,Yassir,M,13,4
200106086,18:00:00,Phone,FALSE,7,1001,Hollywood,280,3200,8,230,"ASSAULT WITH DEADLY WEAPON, AG",216,SCISSORS,IC,Invest Cont,9862,Ezra,M,7,Yes,Yes,1812773,Laney,F,30,Yes,4,No,3256,Gracelin,F,11,4
200106088,18:20:00,Phone,FALSE,5,893,Harbor,180,6500,10,230,"ASSAULT WITH DEADLY WEAPON, AG",216,SCISSORS,IC,Invest Cont,73927,Trent,M,53,Yes,Yes,230934,Devonte,M,33,Yes,3,No,2040,Yassir,M,13,4
200106090,06:30:00,Phone,FALSE,4,425,Rampart,165,8500,5,330,BURGLARY FROM VEHICLE,302,BLUNT INSTRUMENT,AA,Adult Arrest,66251,Eloise,F,39,No,No,96110,Karly,F,35,No,0,No,1034,Press,M,14,4
200106091,08:00:00,Phone,FALSE,2,261,77th Street,150,8889,9,910,KIDNAPPING,308,STICK,IC,Invest Cont,80507,Rudolph,M,7,Yes,No,843516,Kenton,M,32,Yes,2,No,1023,Everrett,M,12,4
200106096,20:00:00,Phone,FALSE,2,323,Northeast,255,4100,9,745,VANDALISM - MISDEAMEANOR ($399,306,ROCK/THROWN OBJECT,IC,Invest Cont,91175,Graham,M,58,Yes,No,1372069,Lacie,F,34,No,0,No,3258,Ismerai,F,14,4
200106099,17:25:00,Phone,FALSE,3,336,Van Nuys,250,4149,9,956,"LETTERS, LEWD  -  TELEPHONE CA",206,SWITCH BLADE,IC,Invest Cont,45808,Allyson,F,7,No,No,489583,Karli,F,40,Yes,7,No,1027,Jonavan,M,8,4
200106100,17:25:00,In-Person,FALSE,2,322,Southwest,168,7800,8,956,"LETTERS, LEWD  -  TELEPHONE CA",206,SWITCH BLADE,IC,Invest Cont,38373,Darius,M,51,Yes,Yes,890782,Fidel,M,32,No,0,No,3258,Ismerai,F,14,4
200106101,17:25:00,Phone,FALSE,5,887,Newton,275,3409,12,956,"LETTERS, LEWD  -  TELEPHONE CA",206,SWITCH BLADE,IC,Invest Cont,79873,Michaela,F,32,No,No,578577,Rosalee,F,35,Yes,2,No,5245,Scotlynn,F,9,4
200106102,17:25:00,In-Person,FALSE,4,425,Rampart,165,8500,5,956,"LETTERS, LEWD  -  TELEPHONE CA",206,SWITCH BLADE,IC,Invest Cont,13278,Gerardo,M,53,No,Yes,479930,Shantel,F,33,No,0,No,1033,Niki,M,14,4
200106103,16:00:00,In-Person,FALSE,4,425,Rampart,165,8500,5,440,THEFT PLAIN - PETTY ($950 & UN,102,HAND GUN,IC,Invest Cont,49333,Lora,F,58,No,Yes,533067,Sage,M,31,Yes,5,No,1034,Press,M,14,4
200106104,17:25:00,Phone,FALSE,5,887,Newton,275,3409,12,956,"LETTERS, LEWD  -  TELEPHONE CA",206,SWITCH BLADE,IC,Invest Cont,42079,Mable,F,32,Yes,No,682734,Enoch,M,39,Yes,6,No,4003,Melah,F,10,4
200106105,17:25:00,Phone,FALSE,2,261,77th Street,150,8889,9,956,"LETTERS, LEWD  -  TELEPHONE CA",206,SWITCH BLADE,IC,Invest Cont,38266,Kerry,M,7,Yes,Yes,1950178,Reina,F,41,Yes,4,No,3258,Ismerai,F,14,4
200106107,13:50:00,In-Person,FALSE,5,887,Newton,275,3409,12,440,THEFT PLAIN - PETTY ($950 & UN,102,HAND GUN,IC,Invest Cont,94024,Selena,F,33,No,Yes,256205,Pansy,F,31,No,0,No,2040,Yassir,M,13,4
200106108,20:30:00,Phone,FALSE,5,887,Newton,275,3409,12,330,BURGLARY FROM VEHICLE,302,BLUNT INSTRUMENT,IC,Invest Cont,85409,Kelvin,M,34,Yes,Yes,1503490,Alia,F,31,Yes,1,No,2040,Yassir,M,13,4
200106109,14:00:00,Phone,FALSE,2,261,77th Street,150,8889,9,420,THEFT FROM MOTOR VEHICLE - PET,506,FIRE,IC,Invest Cont,103793,Bennie,M,54,No,No,710435,Kolby,M,39,No,0,No,3258,Ismerai,F,14,4
200106111,21:00:00,Phone,FALSE,5,887,Newton,275,3409,12,910,KIDNAPPING,308,STICK,IC,Invest Cont,64444,Garry,M,7,Yes,No,802516,Vida,F,40,No,0,No,5245,Scotlynn,F,9,4
200106117,10:00:00,Phone,FALSE,5,887,Newton,275,3409,12,624,BATTERY - SIMPLE ASSAULT,500,UNKNOWN WEAPON/OTHER WEAPON,IC,Invest Cont,47197,Rylee,F,30,No,No,887067,Kenna,F,31,No,0,No,5245,Scotlynn,F,9,4
200106119,04:00:00,Phone,FALSE,5,893,Harbor,180,6500,10,440,THEFT PLAIN - PETTY ($950 & UN,102,HAND GUN,IC,Invest Cont,6566,Willis,M,56,No,No,1375332,Michel,M,32,Yes,2,No,2040,Yassir,M,13,4
200106121,13:15:00,Phone,FALSE,4,425,Rampart,165,8500,5,946,OTHER MISCELLANEOUS CRIME,204,FOLDING KNIFE,IC,Invest Cont,28169,Kenny,M,35,Yes,Yes,975051,Domenic,M,30,No,0,No,1034,Press,M,14,4
200106124,20:00:00,Phone,FALSE,3,371,West LA,244,5500,9,330,BURGLARY FROM VEHICLE,302,BLUNT INSTRUMENT,IC,Invest Cont,11758,Reagan,F,53,Yes,No,1297608,Claud,M,36,No,0,No,1027,Jonavan,M,8,4
200106125,21:00:00,In-Person,FALSE,5,893,Harbor,180,6500,10,440,THEFT PLAIN - PETTY ($950 & UN,102,HAND GUN,IC,Invest Cont,50874,Tessa,F,51,No,No,690777,Mayme,F,34,No,0,No,5245,Scotlynn,F,9,4
200106127,13:45:00,Phone,FALSE,2,322,Southwest,168,7800,8,230,"ASSAULT WITH DEADLY WEAPON, AG",216,SCISSORS,IC,Invest Cont,120767,Easton,M,58,No,Yes,1827867,Lucian,M,35,Yes,2,No,3258,Ismerai,F,14,4
200106142,11:30:00,Phone,FALSE,2,322,Southwest,168,7800,8,624,BATTERY - SIMPLE ASSAULT,500,UNKNOWN WEAPON/OTHER WEAPON,IC,Invest Cont,855,Archie,M,36,No,No,421241,Nathanial,M,36,Yes,4,No,3258,Ismerai,F,14,4
200106143,13:00:00,Phone,FALSE,5,887,Newton,275,3409,12,420,THEFT FROM MOTOR VEHICLE - PET,506,FIRE,IC,Invest Cont,35618,Bryant,M,53,No,Yes,299524,Rohan,M,36,Yes,7,No,5245,Scotlynn,F,9,4
200106146,11:30:00,In-Person,FALSE,4,425,Rampart,165,8500,5,624,BATTERY - SIMPLE ASSAULT,500,UNKNOWN WEAPON/OTHER WEAPON,IC,Invest Cont,10013,Marisa,F,33,No,Yes,1206725,Freeman,M,32,Yes,7,No,1034,Press,M,14,4
200106147,17:00:00,Phone,FALSE,5,887,Newton,275,3409,12,420,THEFT FROM MOTOR VEHICLE - PET,506,FIRE,IC,Invest Cont,7231,Latoya,F,59,Yes,Yes,98853,Lona,F,35,Yes,2,No,2040,Yassir,M,13,4
200106148,12:45:00,In-Person,FALSE,5,893,Harbor,180,6500,10,330,BURGLARY FROM VEHICLE,302,BLUNT INSTRUMENT,IC,Invest Cont,88139,Rene,M,52,No,Yes,916054,Garth,M,33,Yes,1,No,4003,Melah,F,10,4
200106149,14:25:00,Phone,FALSE,2,323,Northeast,255,4100,9,745,VANDALISM - MISDEAMEANOR ($399,306,ROCK/THROWN OBJECT,AO,Adult Other,49605,Emanuel,M,54,No,Yes,1199009,Macey,F,41,No,0,No,3258,Ismerai,F,14,4
200106150,02:00:00,Phone,FALSE,1,223,West Valley,268,3950,8,230,"ASSAULT WITH DEADLY WEAPON, AG",216,SCISSORS,IC,Invest Cont,117910,Alejandra,F,48,No,Yes,1556948,Mandi,F,31,No,0,No,2039,Vikash,M,10,4
200106164,10:04:00,Phone,FALSE,5,893,Harbor,180,6500,10,745,VANDALISM - MISDEAMEANOR ($399,306,ROCK/THROWN OBJECT,IC,Invest Cont,58594,Raquel,F,32,No,No,2385963,Denice,F,35,No,0,No,4003,Melah,F,10,4
200106166,10:15:00,Phone,FALSE,2,322,Southwest,168,7800,8,210,ROBBERY,515,PHYSICAL PRESENCE,AO,Adult Other,13984,Tyson,M,52,No,Yes,2313926,Cayla,F,30,No,0,No,4001,Lynnie,F,10,4
200106170,21:45:00,Phone,FALSE,5,887,Newton,275,3409,12,946,OTHER MISCELLANEOUS CRIME,204,FOLDING KNIFE,IC,Invest Cont,44254,Randolph,M,41,Yes,Yes,1723906,Raina,F,36,No,0,No,2040,Yassir,M,13,4
200106172,13:10:00,Phone,FALSE,5,887,Newton,275,3409,12,440,THEFT PLAIN - PETTY ($950 & UN,102,HAND GUN,IC,Invest Cont,77001,Corinne,F,46,Yes,No,852061,Deidra,F,39,No,0,No,2040,Yassir,M,13,4
200106173,19:35:00,Phone,FALSE,5,893,Harbor,180,6500,10,624,BATTERY - SIMPLE ASSAULT,500,UNKNOWN WEAPON/OTHER WEAPON,IC,Invest Cont,110737,Marcos,M,42,No,No,508659,Ivette,F,30,No,0,No,2040,Yassir,M,13,4
200106174,18:51:00,In-Person,FALSE,5,893,Harbor,180,6500,10,480,BIKE - STOLEN,504,DEMAND NOTE,IC,Invest Cont,13654,Doreen,F,47,No,Yes,1797459,Alycia,F,33,No,0,No,5245,Scotlynn,F,9,4
200106175,08:30:00,Phone,FALSE,5,893,Harbor,180,6500,10,341,THEFT-GRAND ($950.01 & OVER)EX,208,RAZOR,IC,Invest Cont,106420,Nick,M,57,No,No,2355163,Marisela,F,37,No,0,No,5245,Scotlynn,F,9,4
200106178,18:30:00,In-Person,FALSE,4,425,Rampart,165,8500,5,624,BATTERY - SIMPLE ASSAULT,500,UNKNOWN WEAPON/OTHER WEAPON,IC,Invest Cont,37195,Kiara,F,44,Yes,No,388323,Mariela,F,35,No,0,No,1034,Press,M,14,4
200106179,04:15:00,Phone,FALSE,3,371,West LA,244,5500,9,220,ATTEMPTED ROBBERY,219,SCREWDRIVER,IC,Invest Cont,119425,Josue,M,52,No,Yes,1464839,Carmelo,M,40,No,0,No,1027,Jonavan,M,8,4
200106181,13:30:00,Phone,FALSE,5,887,Newton,275,3409,12,354,THEFT OF IDENTITY,513,STUN GUN,IC,Invest Cont,76086,Robin,M,36,No,No,918804,Scottie,M,32,Yes,1,No,4003,Melah,F,10,4
200106182,05:00:00,In-Person,FALSE,2,323,Northeast,255,4100,9,910,KIDNAPPING,308,STICK,IC,Invest Cont,34117,Janis,F,7,No,Yes,1817381,Octavio,M,37,No,0,No,3258,Ismerai,F,14,4
200106183,07:45:00,In-Person,FALSE,4,425,Rampart,165,8500,5,341,THEFT-GRAND ($950.01 & OVER)EX,208,RAZOR,IC,Invest Cont,80704,Sallie,F,30,No,No,1485755,Lidia,F,41,Yes,6,No,1034,Press,M,14,4
200106184,22:30:00,Phone,FALSE,2,322,Southwest,168,7800,8,745,VANDALISM - MISDEAMEANOR ($399,306,ROCK/THROWN OBJECT,AO,Adult Other,17897,Shawna,F,39,Yes,No,18490,Catrina,F,31,Yes,7,No,3258,Ismerai,F,14,4
200106185,13:30:00,Phone,FALSE,7,1001,Hollywood,280,3200,8,330,BURGLARY FROM VEHICLE,302,BLUNT INSTRUMENT,IC,Invest Cont,44861,May,F,44,Yes,No,1909393,Sandy,M,41,Yes,7,No,7100,Varnika,F,12,4
200106186,19:30:00,In-Person,FALSE,5,893,Harbor,180,6500,10,510,VEHICLE - STOLEN,207,OTHER KNIFE,IC,Invest Cont,10134,Chance,M,53,Yes,Yes,929861,Vada,F,36,Yes,1,No,5245,Scotlynn,F,9,4
200106187,22:30:00,In-Person,FALSE,3,336,Van Nuys,250,4149,9,330,BURGLARY FROM VEHICLE,302,BLUNT INSTRUMENT,IC,Invest Cont,72057,Cassie,F,38,Yes,Yes,970413,Ayana,F,36,No,0,No,1027,Jonavan,M,8,4
200106193,15:00:00,Phone,FALSE,2,323,Northeast,255,4100,9,420,THEFT FROM MOTOR VEHICLE - PET,506,FIRE,IC,Invest Cont,113638,Forrest,M,47,No,Yes,29244,Robby,M,35,No,0,No,3258,Ismerai,F,14,4
200106197,13:15:00,Phone,FALSE,2,322,Southwest,168,7800,8,745,VANDALISM - MISDEAMEANOR ($399,306,ROCK/THROWN OBJECT,IC,Invest Cont,45221,Braxton,M,55,No,No,1312328,Karlie,F,30,Yes,7,No,3258,Ismerai,F,14,4
200106198,10:30:00,In-Person,FALSE,5,887,Newton,275,3409,12,624,BATTERY - SIMPLE ASSAULT,500,UNKNOWN WEAPON/OTHER WEAPON,IC,Invest Cont,353,Carlton,M,55,Yes,Yes,315589,Gregorio,M,41,No,0,No,4003,Melah,F,10,4
200106199,23:30:00,Phone,FALSE,2,322,Southwest,168,7800,8,510,VEHICLE - STOLEN,207,OTHER KNIFE,IC,Invest Cont,119461,Rudy,M,55,Yes,Yes,95904,Freida,F,30,No,0,No,3258,Ismerai,F,14,4
200106208,16:30:00,In-Person,FALSE,4,425,Rampart,165,8500,5,420,THEFT FROM MOTOR VEHICLE - PET,506,FIRE,IC,Invest Cont,109485,Noel,M,46,No,No,434101,Rosario,F,33,Yes,3,No,1034,Press,M,14,4
200106209,12:00:00,Phone,FALSE,5,893,Harbor,180,6500,10,442,SHOPLIFTING - PETTY THEFT ($95,400,"STRONG-ARM (HANDS, FIST, FEET ",IC,Invest Cont,106813,Betsy,F,54,Yes,Yes,1934382,Kennith,M,30,Yes,5,No,5245,Scotlynn,F,9,4
200106210,16:20:00,Phone,FALSE,5,893,Harbor,180,6500,10,230,"ASSAULT WITH DEADLY WEAPON, AG",216,SCISSORS,IC,Invest Cont,74206,Malachi,M,30,No,No,1888269,Felecia,F,37,No,0,No,4003,Melah,F,10,4
200106214,21:00:00,In-Person,FALSE,5,887,Newton,275,3409,12,330,BURGLARY FROM VEHICLE,302,BLUNT INSTRUMENT,IC,Invest Cont,71425,Johnnie,F,42,No,Yes,1641780,Manuela,F,33,No,0,No,5245,Scotlynn,F,9,4
200106217,15:15:00,Phone,FALSE,3,336,Van Nuys,250,4149,9,625,OTHER ASSAULT,104,SHOTGUN,IC,Invest Cont,117345,Orlando,M,52,No,Yes,661535,Renata,F,36,Yes,5,No,1025,Jeret,M,14,4
200106218,10:00:00,Phone,FALSE,5,893,Harbor,180,6500,10,624,BATTERY - SIMPLE ASSAULT,500,UNKNOWN WEAPON/OTHER WEAPON,IC,Invest Cont,76412,Peyton,M,58,Yes,No,1248198,Mekhi,M,39,Yes,1,No,4003,Melah,F,10,4
200106220,01:30:00,In-Person,FALSE,7,1001,Hollywood,280,3200,8,230,"ASSAULT WITH DEADLY WEAPON, AG",216,SCISSORS,IC,Invest Cont,65717,Rochelle,F,53,Yes,No,241254,Arlo,M,39,Yes,7,No,5555,Shaaron,F,13,4
200106221,17:10:00,In-Person,FALSE,7,1001,Hollywood,280,3200,8,440,THEFT PLAIN - PETTY ($950 & UN,102,HAND GUN,IC,Invest Cont,74798,Silas,M,36,No,Yes,1970954,Cordell,M,34,Yes,3,No,5555,Shaaron,F,13,4
200106222,21:30:00,In-Person,FALSE,2,323,Northeast,255,4100,9,910,KIDNAPPING,308,STICK,IC,Invest Cont,106494,Ashlee,F,7,No,Yes,31760,Denzel,M,31,No,0,No,3258,Ismerai,F,14,4
200106224,15:25:00,In-Person,FALSE,6,990,Hollenbeck,170,6686,5,230,"ASSAULT WITH DEADLY WEAPON, AG",216,SCISSORS,IC,Invest Cont,77494,Elisabeth,F,30,Yes,Yes,1002745,Stevie,F,35,Yes,4,No,3259,Kla,F,8,4
200106225,22:20:00,Phone,FALSE,7,1001,Hollywood,280,3200,8,624,BATTERY - SIMPLE ASSAULT,500,UNKNOWN WEAPON/OTHER WEAPON,AA,Adult Arrest,43743,Elliott,M,39,Yes,Yes,1424948,Jaimie,F,37,No,0,No,5555,Shaaron,F,13,4
200106226,22:20:00,Phone,FALSE,5,893,Harbor,180,6500,10,624,BATTERY - SIMPLE ASSAULT,500,UNKNOWN WEAPON/OTHER WEAPON,IC,Invest Cont,70249,Kylee,F,57,Yes,No,1023327,Lucretia,F,35,No,0,No,4003,Melah,F,10,4
200106227,22:20:00,Phone,FALSE,4,425,Rampart,165,8500,5,624,BATTERY - SIMPLE ASSAULT,500,UNKNOWN WEAPON/OTHER WEAPON,IC,Invest Cont,115315,Salvador,M,48,No,No,1770557,Tera,F,39,No,0,No,1034,Press,M,14,4
200106228,22:20:00,Phone,FALSE,6,990,Hollenbeck,170,6686,5,624,BATTERY - SIMPLE ASSAULT,500,UNKNOWN WEAPON/OTHER WEAPON,IC,Invest Cont,21677,Shelia,F,30,Yes,No,2079966,Beryl,F,36,Yes,2,No,3259,Kla,F,8,4
200106229,19:30:00,Phone,FALSE,4,425,Rampart,165,8500,5,330,BURGLARY FROM VEHICLE,302,BLUNT INSTRUMENT,IC,Invest Cont,60738,Ryder,M,58,Yes,Yes,1611965,Mira,F,32,No,0,No,1034,Press,M,14,4
200106230,19:00:00,Phone,FALSE,4,425,Rampart,165,8500,5,341,THEFT-GRAND ($950.01 & OVER)EX,208,RAZOR,IC,Invest Cont,16891,Kelley,F,52,Yes,Yes,497547,Cherish,F,32,No,0,No,1034,Press,M,14,4
200106231,20:00:00,Phone,FALSE,4,425,Rampart,165,8500,5,341,THEFT-GRAND ($950.01 & OVER)EX,208,RAZOR,IC,Invest Cont,95084,Weston,M,47,Yes,Yes,1960421,Deven,M,32,Yes,1,No,1034,Press,M,14,4
200106232,12:00:00,Phone,FALSE,5,893,Harbor,180,6500,10,354,THEFT OF IDENTITY,513,STUN GUN,IC,Invest Cont,107550,Leila,F,42,Yes,Yes,2134098,Gianni,M,33,Yes,4,No,4003,Melah,F,10,4
200106236,03:00:00,Phone,FALSE,6,990,Hollenbeck,170,6686,5,230,"ASSAULT WITH DEADLY WEAPON, AG",216,SCISSORS,IC,Invest Cont,84788,Grady,M,49,No,Yes,1928645,Kadence,F,34,Yes,1,No,3259,Kla,F,8,4
200106237,19:30:00,Phone,FALSE,3,336,Van Nuys,250,4149,9,330,BURGLARY FROM VEHICLE,302,BLUNT INSTRUMENT,IC,Invest Cont,91171,Mollie,F,36,No,Yes,2156337,Herschel,M,36,Yes,4,No,1027,Jonavan,M,8,4
200106238,18:55:00,Phone,FALSE,6,990,Hollenbeck,170,6686,5,330,BURGLARY FROM VEHICLE,302,BLUNT INSTRUMENT,IC,Invest Cont,91075,Lynette,F,32,No,Yes,1408255,Ryland,M,33,No,0,No,3259,Kla,F,8,4
200106239,01:00:00,Phone,FALSE,7,1001,Hollywood,280,3200,8,350,"THEFT, PERSON",221,GLASS,AA,Adult Arrest,73438,Benny,M,36,No,Yes,789856,Cortez,M,34,Yes,1,No,5555,Shaaron,F,13,4
200106242,04:00:00,Phone,FALSE,5,893,Harbor,180,6500,10,624,BATTERY - SIMPLE ASSAULT,500,UNKNOWN WEAPON/OTHER WEAPON,IC,Invest Cont,115519,Laurel,F,46,Yes,Yes,2108462,Danette,F,39,No,0,No,2040,Yassir,M,13,4
200106243,01:40:00,Phone,FALSE,5,893,Harbor,180,6500,10,626,INTIMATE PARTNER - SIMPLE ASSA,109,SEMI-AUTOMATIC PISTOL,IC,Invest Cont,95469,Wilson,M,60,No,Yes,1440452,Rowena,F,32,No,0,No,2040,Yassir,M,13,4
200106244,01:40:00,Phone,FALSE,6,990,Hollenbeck,170,6686,5,236,INTIMATE PARTNER - AGGRAVATED,205,KITCHEN KNIFE,AA,Adult Arrest,2352,Meagan,F,39,Yes,No,1428825,Everette,M,34,Yes,1,No,3259,Kla,F,8,4
200106245,16:40:00,Phone,FALSE,7,1001,Hollywood,280,3200,8,440,THEFT PLAIN - PETTY ($950 & UN,102,HAND GUN,AA,Adult Arrest,23221,Ty,M,48,Yes,Yes,745448,Ivory,F,33,Yes,1,No,5555,Shaaron,F,13,4
200106246,20:00:00,Phone,FALSE,7,1001,Hollywood,280,3200,8,440,THEFT PLAIN - PETTY ($950 & UN,102,HAND GUN,IC,Invest Cont,32305,Eula,F,49,Yes,Yes,446106,Joslyn,F,41,No,0,No,5555,Shaaron,F,13,4
200106247,12:00:00,Phone,FALSE,2,322,Southwest,168,7800,8,230,"ASSAULT WITH DEADLY WEAPON, AG",216,SCISSORS,IC,Invest Cont,87768,Alton,M,54,Yes,No,731254,Ali,F,36,No,0,No,4011,Nyiesha,F,9,4
200106255,00:45:00,Phone,FALSE,5,887,Newton,275,3409,12,648,ARSON,218,OTHER CUTTING INSTRUMENT,IC,Invest Cont,37912,Anastasia,F,34,No,No,1073752,Ulises,M,36,No,0,No,4003,Melah,F,10,4
200106257,11:00:00,Phone,FALSE,3,336,Van Nuys,250,4149,9,910,KIDNAPPING,308,STICK,IC,Invest Cont,96354,Jana,F,7,Yes,Yes,2345182,Ember,F,36,Yes,3,No,1027,Jonavan,M,8,4
200106266,11:30:00,Phone,FALSE,4,425,Rampart,165,8500,5,623,BATTERY POLICE (SIMPLE),215,MACHETE,IC,Invest Cont,63123,Loren,M,50,No,No,557911,Alvina,F,40,Yes,3,No,3223,Anayely,F,11,4
200106270,05:15:00,Phone,FALSE,7,1001,Hollywood,280,3200,8,440,THEFT PLAIN - PETTY ($950 & UN,102,HAND GUN,IC,Invest Cont,123905,Jaxson,M,60,No,No,586210,Leota,F,32,Yes,1,No,5555,Shaaron,F,13,4
200106273,20:00:00,Phone,FALSE,5,893,Harbor,180,6500,10,745,VANDALISM - MISDEAMEANOR ($399,306,ROCK/THROWN OBJECT,IC,Invest Cont,63406,Braden,M,36,Yes,Yes,96579,Yahir,M,36,Yes,4,No,2040,Yassir,M,13,4
200106275,20:00:00,In-Person,TRUE,2,261,77th Street,150,8889,9,440,THEFT PLAIN - PETTY ($950 & UN,102,HAND GUN,IC,Invest Cont,347,Ginger,F,54,Yes,No,2132254,Kristofer,M,32,Yes,3,No,6011,Shatonya,F,9,4
200106283,07:00:00,Phone,TRUE,2,323,Northeast,255,4100,9,330,BURGLARY FROM VEHICLE,302,BLUNT INSTRUMENT,IC,Invest Cont,107915,Paulette,F,53,Yes,No,866400,Sandi,F,40,Yes,6,No,6011,Shatonya,F,9,4
200106285,13:45:00,Phone,TRUE,1,223,West Valley,268,3950,8,888,TRESPASSING,501,BOMB THREAT,AO,Adult Other,108805,Julianna,F,46,No,No,764474,Marva,F,39,Yes,2,No,4444,Miciah,F,8,4
200106286,21:15:00,Phone,TRUE,3,371,West LA,244,5500,9,740,VANDALISM - FELONY ($400 & OVE,200,KNIFE WITH BLADE 6INCHES OR LE,AO,Adult Other,63221,Clark,M,52,No,No,148720,Gonzalo,M,35,No,0,No,7010,Syann,F,9,4
200106288,18:00:00,In-Person,TRUE,3,336,Van Nuys,250,4149,9,420,THEFT FROM MOTOR VEHICLE - PET,506,FIRE,AO,Adult Other,21802,Jasmin,F,48,No,No,1419715,Luciana,F,37,Yes,5,No,7010,Syann,F,9,4
200106289,21:50:00,In-Person,FALSE,1,223,West Valley,268,3950,8,230,"ASSAULT WITH DEADLY WEAPON, AG",216,SCISSORS,IC,Invest Cont,29439,Ashlyn,F,50,Yes,No,43631,Benson,M,41,Yes,7,No,4444,Miciah,F,8,4
200106290,19:30:00,Phone,FALSE,7,1001,Hollywood,280,3200,8,920,KIDNAPPING - GRAND ATTEMPT,115,ASSAULT WEAPON/UZI/AK47/ETC,IC,Invest Cont,83579,Mona,F,31,No,Yes,122586,Ansley,F,35,Yes,1,No,7100,Varnika,F,12,4
200106293,02:00:00,In-Person,FALSE,1,223,West Valley,268,3950,8,910,KIDNAPPING,308,STICK,IC,Invest Cont,63036,Mercedes,F,7,No,Yes,1751739,Gracelyn,F,31,Yes,6,No,4444,Miciah,F,8,4
200106300,17:00:00,In-Person,FALSE,4,425,Rampart,165,8500,5,440,THEFT PLAIN - PETTY ($950 & UN,102,HAND GUN,IC,Invest Cont,34717,Ezekiel,M,44,No,No,195015,Vonda,F,32,Yes,4,No,1034,Press,M,14,4
200106301,15:00:00,Phone,FALSE,1,223,West Valley,268,3950,8,910,KIDNAPPING,308,STICK,IC,Invest Cont,89910,Morgan,M,7,No,No,2271916,Darien,M,40,No,0,No,4444,Miciah,F,8,4
200106304,10:00:00,In-Person,TRUE,6,990,Hollenbeck,170,6686,5,310,BURGLARY,113,SIMULATED GUN,IC,Invest Cont,35436,Sawyer,M,55,Yes,No,1647899,Amani,F,41,No,0,No,3259,Kla,F,8,4
200106305,04:00:00,In-Person,TRUE,3,336,Van Nuys,250,4149,9,350,"THEFT, PERSON",221,GLASS,IC,Invest Cont,32218,Dante,M,7,Yes,No,2020207,Raelyn,F,31,Yes,4,No,7010,Syann,F,9,4
200106308,22:25:00,In-Person,FALSE,1,223,West Valley,268,3950,8,624,BATTERY - SIMPLE ASSAULT,500,UNKNOWN WEAPON/OTHER WEAPON,IC,Invest Cont,10218,Will,M,7,Yes,Yes,119361,Judi,F,36,Yes,2,No,4444,Miciah,F,8,4
200106309,21:00:00,Phone,FALSE,5,887,Newton,275,3409,12,745,VANDALISM - MISDEAMEANOR ($399,306,ROCK/THROWN OBJECT,IC,Invest Cont,8634,Myron,M,51,Yes,No,459716,Magnolia,F,34,Yes,3,No,2040,Yassir,M,13,4
200106312,04:30:00,Phone,TRUE,3,371,West LA,244,5500,9,624,BATTERY - SIMPLE ASSAULT,500,UNKNOWN WEAPON/OTHER WEAPON,IC,Invest Cont,13294,Lucia,F,50,Yes,No,5274,Christopher,F,36,No,0,No,1027,Jonavan,M,8,4
200106316,00:45:00,Phone,TRUE,1,223,West Valley,268,3950,8,624,BATTERY - SIMPLE ASSAULT,500,UNKNOWN WEAPON/OTHER WEAPON,IC,Invest Cont,16786,Teri,F,35,Yes,No,1036760,Alphonse,M,41,No,0,No,4444,Miciah,F,8,4
200106317,15:45:00,In-Person,TRUE,4,425,Rampart,165,8500,5,740,VANDALISM - FELONY ($400 & OVE,200,KNIFE WITH BLADE 6INCHES OR LE,IC,Invest Cont,86200,Bentley,M,38,Yes,Yes,1245636,Tatyana,F,32,Yes,5,No,1034,Press,M,14,4
200106318,18:30:00,Phone,TRUE,3,371,West LA,244,5500,9,330,BURGLARY FROM VEHICLE,302,BLUNT INSTRUMENT,IC,Invest Cont,82213,Patti,F,56,No,No,882207,Nan,F,36,No,0,No,7010,Syann,F,9,4
200106319,11:00:00,Phone,FALSE,6,990,Hollenbeck,170,6686,5,480,BIKE - STOLEN,504,DEMAND NOTE,IC,Invest Cont,39065,Serena,F,51,Yes,No,2183244,Theodora,F,31,Yes,1,No,1024,Izreal,M,9,4
200106320,17:22:00,Phone,FALSE,4,425,Rampart,165,8500,5,440,THEFT PLAIN - PETTY ($950 & UN,102,HAND GUN,IC,Invest Cont,118272,Jasper,M,50,Yes,Yes,2285537,Freddie,F,41,No,0,No,1034,Press,M,14,4
200106321,21:00:00,In-Person,FALSE,1,223,West Valley,268,3950,8,910,KIDNAPPING,308,STICK,IC,Invest Cont,77153,Nadia,F,7,Yes,Yes,332862,Kason,M,37,No,0,No,4444,Miciah,F,8,4
200106327,20:30:00,In-Person,TRUE,6,990,Hollenbeck,170,6686,5,330,BURGLARY FROM VEHICLE,302,BLUNT INSTRUMENT,IC,Invest Cont,100261,Camden,M,48,No,Yes,799739,Randell,M,31,No,0,No,3259,Kla,F,8,4
200106328,10:30:00,In-Person,FALSE,5,893,Harbor,180,6500,10,331,THEFT FROM MOTOR VEHICLE - GRA,312,PIPE/METAL PIPE,IC,Invest Cont,6351,Elisa,F,57,No,Yes,849994,Edison,M,31,No,0,No,2040,Yassir,M,13,4
200106329,15:00:00,Phone,FALSE,4,425,Rampart,165,8500,5,956,"LETTERS, LEWD  -  TELEPHONE CA",206,SWITCH BLADE,IC,Invest Cont,13521,Alexia,F,44,Yes,Yes,2278956,Atticus,M,39,No,0,No,1034,Press,M,14,4
200106330,08:15:00,In-Person,TRUE,3,336,Van Nuys,250,4149,9,624,BATTERY - SIMPLE ASSAULT,500,UNKNOWN WEAPON/OTHER WEAPON,IC,Invest Cont,106273,Elliot,M,41,No,Yes,1766988,Shellie,F,41,No,0,No,2035,Rue,M,12,4
200106331,06:15:00,In-Person,FALSE,3,336,Van Nuys,250,4149,9,330,BURGLARY FROM VEHICLE,302,BLUNT INSTRUMENT,IC,Invest Cont,12295,Giselle,F,56,Yes,No,589889,Johnna,F,37,Yes,7,No,7010,Syann,F,9,4
200106333,09:30:00,Phone,TRUE,6,990,Hollenbeck,170,6686,5,480,BIKE - STOLEN,504,DEMAND NOTE,IC,Invest Cont,41665,Malik,M,47,Yes,Yes,1472064,Marquise,M,41,No,0,No,1024,Izreal,M,9,4
200106340,17:30:00,Phone,TRUE,3,336,Van Nuys,250,4149,9,442,SHOPLIFTING - PETTY THEFT ($95,400,"STRONG-ARM (HANDS, FIST, FEET ",IC,Invest Cont,28323,Addie,F,42,Yes,Yes,1008871,Margret,F,40,No,0,No,7010,Syann,F,9,4
200106343,08:20:00,Phone,FALSE,3,371,West LA,244,5500,9,910,KIDNAPPING,308,STICK,IC,Invest Cont,11507,Myles,M,7,No,No,1513772,Alonso,M,35,Yes,7,No,7010,Syann,F,9,4
200106345,10:00:00,Phone,FALSE,3,371,West LA,244,5500,9,230,"ASSAULT WITH DEADLY WEAPON, AG",216,SCISSORS,IC,Invest Cont,93227,Ernestine,F,51,Yes,Yes,2049384,Heriberto,M,39,Yes,3,No,1027,Jonavan,M,8,4
200106346,14:15:00,Phone,TRUE,3,371,West LA,244,5500,9,850,INDECENT EXPOSURE,304,CLUB/BAT,IC,Invest Cont,8185,Ernesto,M,41,No,No,1383497,Delphine,F,31,No,0,No,7010,Syann,F,9,4
200106347,14:15:00,Phone,FALSE,3,371,West LA,244,5500,9,850,INDECENT EXPOSURE,304,CLUB/BAT,IC,Invest Cont,67844,Carolina,F,52,Yes,Yes,286561,Jairo,M,40,No,0,No,7010,Syann,F,9,4
200106350,14:20:00,Phone,TRUE,4,425,Rampart,165,8500,5,624,BATTERY - SIMPLE ASSAULT,500,UNKNOWN WEAPON/OTHER WEAPON,IC,Invest Cont,2685,Irving,M,42,No,Yes,857925,Jovan,M,33,Yes,6,No,1034,Press,M,14,4
200106353,13:00:00,Phone,TRUE,2,322,Southwest,168,7800,8,330,BURGLARY FROM VEHICLE,302,BLUNT INSTRUMENT,IC,Invest Cont,35223,Katharine,F,35,No,Yes,396176,Dionne,F,36,No,0,No,3249,Cledith,F,13,4
200106354,22:00:00,Phone,TRUE,4,425,Rampart,165,8500,5,330,BURGLARY FROM VEHICLE,302,BLUNT INSTRUMENT,IC,Invest Cont,120423,Winifred,F,58,No,Yes,742270,Christal,F,33,Yes,2,No,4112,Rashae,F,14,4
200106356,16:25:00,Phone,FALSE,1,223,West Valley,268,3950,8,745,VANDALISM - MISDEAMEANOR ($399,306,ROCK/THROWN OBJECT,IC,Invest Cont,113328,Leticia,F,30,No,Yes,413824,Kathi,F,30,Yes,1,No,4444,Miciah,F,8,4
200106368,11:00:00,Phone,FALSE,3,336,Van Nuys,250,4149,9,420,THEFT FROM MOTOR VEHICLE - PET,506,FIRE,IC,Invest Cont,17486,Mila,F,44,Yes,Yes,2139891,Jaquan,M,41,Yes,3,No,7010,Syann,F,9,4
200106375,17:00:00,Phone,FALSE,5,893,Harbor,180,6500,10,624,BATTERY - SIMPLE ASSAULT,500,UNKNOWN WEAPON/OTHER WEAPON,IC,Invest Cont,20291,Pete,M,55,Yes,No,1802279,Sawyer,F,41,Yes,2,No,2041,Afrika,F,11,4
200106377,00:30:00,In-Person,FALSE,1,223,West Valley,268,3950,8,624,BATTERY - SIMPLE ASSAULT,500,UNKNOWN WEAPON/OTHER WEAPON,IC,Invest Cont,123978,Dixie,F,56,Yes,No,2195441,Winfred,M,36,Yes,4,No,4444,Miciah,F,8,4
200106381,17:00:00,In-Person,TRUE,6,990,Hollenbeck,170,6686,5,666,"BUNCO, ATTEMPT",514,TIRE IRON,IC,Invest Cont,98732,Kimberley,F,58,Yes,No,569988,Latanya,F,39,No,0,No,3259,Kla,F,8,4
200106382,19:10:00,In-Person,TRUE,3,371,West LA,244,5500,9,330,BURGLARY FROM VEHICLE,302,BLUNT INSTRUMENT,IC,Invest Cont,97118,Trisha,F,58,Yes,Yes,1238537,Hassan,M,30,Yes,4,No,1027,Jonavan,M,8,4
200106383,18:00:00,Phone,TRUE,1,223,West Valley,268,3950,8,330,BURGLARY FROM VEHICLE,302,BLUNT INSTRUMENT,IC,Invest Cont,82749,Kai,M,35,Yes,No,686378,Elmo,M,40,No,0,No,4444,Miciah,F,8,4
200106386,00:50:00,In-Person,FALSE,1,223,West Valley,268,3950,8,910,KIDNAPPING,308,STICK,IC,Invest Cont,26760,Kyla,F,7,Yes,No,1843085,Chastity,F,39,No,0,No,4444,Miciah,F,8,4
200106389,18:30:00,Phone,FALSE,3,371,West LA,244,5500,9,440,THEFT PLAIN - PETTY ($950 & UN,102,HAND GUN,IC,Invest Cont,65656,Nikki,F,54,No,Yes,651713,Chantal,F,41,Yes,5,No,7010,Syann,F,9,4
200106395,20:45:00,In-Person,FALSE,5,893,Harbor,180,6500,10,330,BURGLARY FROM VEHICLE,302,BLUNT INSTRUMENT,AA,Adult Arrest,76705,Sammy,M,35,Yes,No,737982,Savanah,F,32,No,0,No,2041,Afrika,F,11,4
200106409,09:50:00,In-Person,TRUE,5,893,Harbor,180,6500,10,662,"BUNCO, GRAND THEFT",512,MACE/PEPPER SPRAY,IC,Invest Cont,75671,Sylvester,M,50,No,No,893398,Phoenix,F,34,Yes,1,No,2041,Afrika,F,11,4
200106410,18:00:00,In-Person,FALSE,7,1001,Hollywood,280,3200,8,662,"BUNCO, GRAND THEFT",512,MACE/PEPPER SPRAY,IC,Invest Cont,118210,Madeleine,F,52,Yes,No,2280988,Jayleen,F,34,No,0,No,7100,Varnika,F,12,4
200106411,04:00:00,Phone,TRUE,3,371,West LA,244,5500,9,121,"RAPE, FORCIBLE",511,VERBAL THREAT,IC,Invest Cont,52133,Ebony,F,38,No,No,614468,Emelia,F,31,No,0,No,1027,Jonavan,M,8,4
200106412,10:00:00,In-Person,FALSE,5,887,Newton,275,3409,12,341,THEFT-GRAND ($950.01 & OVER)EX,208,RAZOR,IC,Invest Cont,24431,Jermaine,M,30,No,No,1800708,Gilda,F,34,Yes,7,No,2041,Afrika,F,11,4
200106414,05:15:00,Phone,TRUE,3,336,Van Nuys,250,4149,9,956,"LETTERS, LEWD  -  TELEPHONE CA",206,SWITCH BLADE,IC,Invest Cont,93053,Laverne,F,37,Yes,No,1443030,Hershel,M,40,No,0,No,1027,Jonavan,M,8,4
200106415,16:00:00,Phone,TRUE,7,1001,Hollywood,280,3200,8,740,VANDALISM - FELONY ($400 & OVE,200,KNIFE WITH BLADE 6INCHES OR LE,IC,Invest Cont,119037,Darla,F,37,Yes,Yes,1415329,Lavern,M,35,Yes,3,No,7100,Varnika,F,12,4
200106420,15:00:00,In-Person,FALSE,5,893,Harbor,180,6500,10,330,BURGLARY FROM VEHICLE,302,BLUNT INSTRUMENT,IC,Invest Cont,30099,Ellis,M,41,Yes,Yes,2185016,Maegan,F,37,Yes,3,No,4010,Neeka,F,13,4
200106421,11:45:00,In-Person,TRUE,4,425,Rampart,165,8500,5,755,BOMB SCARE,301,BELT FLAILING INSTRUMENT/CHAIN,IC,Invest Cont,24840,Freda,F,48,Yes,Yes,302395,Bradly,M,34,No,0,No,1034,Press,M,14,4
200106425,11:20:00,Phone,FALSE,5,887,Newton,275,3409,12,623,BATTERY POLICE (SIMPLE),215,MACHETE,IC,Invest Cont,28772,Quentin,M,37,Yes,Yes,427626,Arjun,M,41,No,0,No,2041,Afrika,F,11,4
200106427,02:30:00,Phone,TRUE,1,223,West Valley,268,3950,8,624,BATTERY - SIMPLE ASSAULT,500,UNKNOWN WEAPON/OTHER WEAPON,IC,Invest Cont,88157,Lela,F,49,Yes,Yes,1951897,Belen,F,35,No,0,No,4444,Miciah,F,8,4
200106431,13:00:00,Phone,TRUE,7,1001,Hollywood,280,3200,8,354,THEFT OF IDENTITY,513,STUN GUN,IC,Invest Cont,67158,Alonzo,M,32,No,No,219038,Haylie,F,36,No,0,No,7100,Varnika,F,12,4
200106433,22:00:00,In-Person,TRUE,5,893,Harbor,180,6500,10,624,BATTERY - SIMPLE ASSAULT,500,UNKNOWN WEAPON/OTHER WEAPON,IC,Invest Cont,4892,Cedric,M,10,No,No,2120193,Chaz,M,30,No,0,No,2041,Afrika,F,11,4
200106443,16:20:00,In-Person,FALSE,4,425,Rampart,165,8500,5,910,KIDNAPPING,308,STICK,IC,Invest Cont,114750,Axel,M,10,Yes,Yes,2331531,Mathias,M,33,Yes,7,No,1034,Press,M,14,4
200106444,21:00:00,In-Person,TRUE,3,371,West LA,244,5500,9,420,THEFT FROM MOTOR VEHICLE - PET,506,FIRE,IC,Invest Cont,108208,Jazmin,F,49,Yes,No,794318,Jacoby,M,33,Yes,1,No,1027,Jonavan,M,8,4
200106445,22:00:00,In-Person,FALSE,4,425,Rampart,165,8500,5,210,ROBBERY,515,PHYSICAL PRESENCE,IC,Invest Cont,83672,Justine,F,30,No,No,194800,Jerrod,M,41,Yes,6,No,4112,Rashae,F,14,4
200106446,11:00:00,In-Person,TRUE,3,336,Van Nuys,250,4149,9,420,THEFT FROM MOTOR VEHICLE - PET,506,FIRE,AO,Adult Other,99227,Tucker,M,35,Yes,Yes,2178397,Armani,M,36,No,0,No,7010,Syann,F,9,4
200106448,14:00:00,Phone,FALSE,5,893,Harbor,180,6500,10,351,PURSE SNATCHING,217,SWORD,IC,Invest Cont,57905,Leigh,F,49,No,No,1892994,Killian,M,41,Yes,1,No,2041,Afrika,F,11,4
200106449,02:00:00,In-Person,TRUE,4,425,Rampart,165,8500,5,888,TRESPASSING,501,BOMB THREAT,IC,Invest Cont,65915,Alaina,F,54,No,Yes,969333,Fallon,F,31,Yes,7,No,1033,Niki,M,14,4
200106450,18:15:00,Phone,TRUE,6,990,Hollenbeck,170,6686,5,442,SHOPLIFTING - PETTY THEFT ($95,400,"STRONG-ARM (HANDS, FIST, FEET ",AO,Adult Other,1539,Griffin,M,44,Yes,No,283194,Ione,F,32,Yes,2,No,3259,Kla,F,8,4
200106451,08:30:00,In-Person,TRUE,3,336,Van Nuys,250,4149,9,860,BATTERY WITH SEXUAL CONTACT,201,KNIFE WITH BLADE OVER 6 INCHES,IC,Invest Cont,121831,Frankie,M,52,No,Yes,1027042,Berniece,F,39,Yes,7,No,1027,Jonavan,M,8,4
200106452,05:00:00,Phone,TRUE,3,336,Van Nuys,250,4149,9,310,BURGLARY,113,SIMULATED GUN,AA,Adult Arrest,44944,Etta,F,53,No,Yes,797166,Isabela,F,34,Yes,4,No,1027,Jonavan,M,8,4
200106453,14:50:00,In-Person,TRUE,4,425,Rampart,165,8500,5,440,THEFT PLAIN - PETTY ($950 & UN,102,HAND GUN,IC,Invest Cont,32729,Lowell,M,34,No,No,1136664,Lon,M,40,Yes,6,No,1034,Press,M,14,4
200106454,16:00:00,In-Person,TRUE,5,887,Newton,275,3409,12,330,BURGLARY FROM VEHICLE,302,BLUNT INSTRUMENT,IC,Invest Cont,54362,Sonja,F,46,No,Yes,2162837,Clementine,F,30,No,0,No,2041,Afrika,F,11,4
200106460,16:55:00,Phone,TRUE,1,223,West Valley,268,3950,8,440,THEFT PLAIN - PETTY ($950 & UN,102,HAND GUN,IC,Invest Cont,100216,Adele,F,56,No,No,1133690,Laci,F,35,No,0,No,1111,Kaushik,M,8,4
200106463,06:50:00,In-Person,FALSE,5,893,Harbor,180,6500,10,310,BURGLARY,113,SIMULATED GUN,IC,Invest Cont,113489,Stacie,F,56,No,Yes,29725,Giuliana,F,39,Yes,6,No,2041,Afrika,F,11,4
200106474,05:30:00,Phone,TRUE,7,1001,Hollywood,280,3200,8,626,INTIMATE PARTNER - SIMPLE ASSA,109,SEMI-AUTOMATIC PISTOL,AA,Adult Arrest,5713,Alfonso,M,48,No,Yes,1472503,Jensen,M,33,Yes,2,No,7100,Varnika,F,12,4
200106478,19:36:00,In-Person,FALSE,6,990,Hollenbeck,170,6686,5,330,BURGLARY FROM VEHICLE,302,BLUNT INSTRUMENT,AA,Adult Arrest,37719,Harley,M,32,Yes,Yes,1896387,Elouise,F,39,No,0,No,3259,Kla,F,8,4
200106479,18:30:00,Phone,FALSE,1,223,West Valley,268,3950,8,330,BURGLARY FROM VEHICLE,302,BLUNT INSTRUMENT,IC,Invest Cont,122310,Aubree,F,33,No,Yes,630332,Tisha,F,33,Yes,2,No,1111,Kaushik,M,8,4
200106480,19:00:00,Phone,TRUE,5,893,Harbor,180,6500,10,330,BURGLARY FROM VEHICLE,302,BLUNT INSTRUMENT,IC,Invest Cont,27367,Makenzie,F,46,Yes,No,2145407,Alysia,F,35,No,0,No,5245,Scotlynn,F,9,4
200106484,08:45:00,Phone,FALSE,5,893,Harbor,180,6500,10,761,BRANDISH WEAPON,307,VEHICLE,IC,Invest Cont,40377,Nickolas,M,60,No,Yes,1109020,Richard,F,39,Yes,7,No,2041,Afrika,F,11,4
200106485,17:00:00,In-Person,FALSE,1,223,West Valley,268,3950,8,341,THEFT-GRAND ($950.01 & OVER)EX,208,RAZOR,IC,Invest Cont,37144,Kristie,F,51,Yes,No,559229,Mckinley,F,33,No,0,No,1111,Kaushik,M,8,4
200106488,06:00:00,Phone,TRUE,1,223,West Valley,268,3950,8,510,VEHICLE - STOLEN,207,OTHER KNIFE,IC,Invest Cont,120514,Skyler,M,49,Yes,No,61579,Tiffanie,F,37,No,0,No,1111,Kaushik,M,8,4
200106492,20:00:00,Phone,TRUE,1,223,West Valley,268,3950,8,330,BURGLARY FROM VEHICLE,302,BLUNT INSTRUMENT,IC,Invest Cont,121962,Saul,M,41,Yes,Yes,74710,Rolland,M,40,No,0,No,2033,Ray,M,14,4
200106493,10:30:00,Phone,TRUE,6,990,Hollenbeck,170,6686,5,236,INTIMATE PARTNER - AGGRAVATED,205,KITCHEN KNIFE,IC,Invest Cont,106902,Fabian,M,33,Yes,No,2057626,Sydney,M,31,No,0,No,3259,Kla,F,8,4
200106494,08:30:00,Phone,TRUE,5,887,Newton,275,3409,12,624,BATTERY - SIMPLE ASSAULT,500,UNKNOWN WEAPON/OTHER WEAPON,AO,Adult Other,68198,Clarissa,F,48,No,No,456418,Madonna,F,32,Yes,1,No,2041,Afrika,F,11,4
200106495,15:30:00,Phone,TRUE,1,223,West Valley,268,3950,8,343,SHOPLIFTING-GRAND THEFT ($950.,116,ANTIQUE FIREARM,IC,Invest Cont,108782,Margarita,F,58,Yes,No,1834144,Yaretzi,F,35,No,0,No,2033,Ray,M,14,4
200106500,15:25:00,In-Person,TRUE,1,223,West Valley,268,3950,8,624,BATTERY - SIMPLE ASSAULT,500,UNKNOWN WEAPON/OTHER WEAPON,IC,Invest Cont,112327,Beau,M,60,Yes,Yes,715211,Kaci,F,31,No,0,No,4444,Miciah,F,8,4
200106501,10:00:00,In-Person,TRUE,1,223,West Valley,268,3950,8,310,BURGLARY,113,SIMULATED GUN,IC,Invest Cont,35905,Pat,F,36,Yes,No,1783053,Lisette,F,35,No,0,No,2033,Ray,M,14,4
200106507,17:10:00,In-Person,TRUE,1,223,West Valley,268,3950,8,624,BATTERY - SIMPLE ASSAULT,500,UNKNOWN WEAPON/OTHER WEAPON,IC,Invest Cont,62005,Wilbert,M,10,Yes,No,246077,Bennie,F,32,Yes,5,No,2033,Ray,M,14,4
200106514,17:30:00,Phone,FALSE,1,223,West Valley,268,3950,8,230,"ASSAULT WITH DEADLY WEAPON, AG",216,SCISSORS,AO,Adult Other,17191,Jayla,F,38,Yes,No,134384,Bobby,F,35,No,0,No,4444,Miciah,F,8,4
200106516,18:00:00,Phone,FALSE,5,887,Newton,275,3409,12,330,BURGLARY FROM VEHICLE,302,BLUNT INSTRUMENT,IC,Invest Cont,22249,Alissa,F,34,No,Yes,2134889,Brant,M,33,No,0,No,2041,Afrika,F,11,4
200106517,09:30:00,Phone,TRUE,6,990,Hollenbeck,170,6686,5,330,BURGLARY FROM VEHICLE,302,BLUNT INSTRUMENT,IC,Invest Cont,120088,Kerri,F,41,No,Yes,181212,Caren,F,30,Yes,1,No,3259,Kla,F,8,4
200106519,19:15:00,In-Person,FALSE,1,223,West Valley,268,3950,8,330,BURGLARY FROM VEHICLE,302,BLUNT INSTRUMENT,IC,Invest Cont,13946,Yesenia,F,36,No,No,1236605,Shanice,F,31,Yes,2,No,4444,Miciah,F,8,4
200106520,15:30:00,Phone,FALSE,7,1001,Hollywood,280,3200,8,624,BATTERY - SIMPLE ASSAULT,500,UNKNOWN WEAPON/OTHER WEAPON,IC,Invest Cont,93338,Moses,M,38,Yes,No,576810,Treva,F,30,Yes,1,No,7100,Varnika,F,12,4
200106523,22:35:00,In-Person,FALSE,2,261,77th Street,150,8889,9,951,DEFRAUDING INNKEEPER/THEFT OF,502,BOW AND ARROW,IC,Invest Cont,99517,Aliyah,F,30,Yes,No,1668915,Zechariah,M,31,No,0,No,1023,Everrett,M,12,4
200106526,20:35:00,Phone,FALSE,5,887,Newton,275,3409,12,442,SHOPLIFTING - PETTY THEFT ($95,400,"STRONG-ARM (HANDS, FIST, FEET ",IC,Invest Cont,118634,Hanna,F,57,No,Yes,2186620,Danial,M,32,No,0,No,2041,Afrika,F,11,4
200106527,17:30:00,Phone,FALSE,6,990,Hollenbeck,170,6686,5,480,BIKE - STOLEN,504,DEMAND NOTE,IC,Invest Cont,49194,Eliana,F,36,No,Yes,349081,Wilfredo,M,39,No,0,No,3259,Kla,F,8,4
200106529,12:00:00,In-Person,FALSE,5,887,Newton,275,3409,12,354,THEFT OF IDENTITY,513,STUN GUN,IC,Invest Cont,24133,Estella,F,51,No,Yes,761681,Angus,M,36,No,0,No,2041,Afrika,F,11,4
200106531,18:00:00,Phone,FALSE,5,887,Newton,275,3409,12,624,BATTERY - SIMPLE ASSAULT,500,UNKNOWN WEAPON/OTHER WEAPON,IC,Invest Cont,32411,Lorene,F,30,Yes,Yes,1924972,Anabel,F,41,Yes,6,No,2041,Afrika,F,11,4
200106534,20:00:00,Phone,FALSE,1,223,West Valley,268,3950,8,888,TRESPASSING,501,BOMB THREAT,AA,Adult Arrest,75433,Sherman,M,48,Yes,Yes,816076,Corey,F,30,No,0,No,1111,Kaushik,M,8,4
200106546,10:00:00,In-Person,TRUE,6,990,Hollenbeck,170,6686,5,740,VANDALISM - FELONY ($400 & OVE,200,KNIFE WITH BLADE 6INCHES OR LE,IC,Invest Cont,124580,Essie,F,57,No,Yes,1009999,Zoie,F,39,Yes,1,No,3259,Kla,F,8,4
200106547,10:00:00,Phone,TRUE,5,887,Newton,275,3409,12,330,BURGLARY FROM VEHICLE,302,BLUNT INSTRUMENT,IC,Invest Cont,68323,Dawson,M,58,No,Yes,761635,Gisselle,F,41,Yes,2,No,2041,Afrika,F,11,4
200106548,22:40:00,Phone,TRUE,5,887,Newton,275,3409,12,330,BURGLARY FROM VEHICLE,302,BLUNT INSTRUMENT,IC,Invest Cont,82030,Khloe,F,36,Yes,No,1713670,Chauncey,M,31,Yes,1,No,2041,Afrika,F,11,4
200106558,08:00:00,Phone,TRUE,1,223,West Valley,268,3950,8,662,"BUNCO, GRAND THEFT",512,MACE/PEPPER SPRAY,IC,Invest Cont,122861,Trey,M,31,No,Yes,1567582,Tristin,M,36,Yes,5,No,1111,Kaushik,M,8,4
200106560,17:20:00,Phone,FALSE,3,336,Van Nuys,250,4149,9,888,TRESPASSING,501,BOMB THREAT,IC,Invest Cont,48752,Tasha,F,58,No,Yes,572259,German,M,33,No,0,No,4004,Mirakle,F,9,4
200106584,12:15:00,In-Person,TRUE,1,223,West Valley,268,3950,8,740,VANDALISM - FELONY ($400 & OVE,200,KNIFE WITH BLADE 6INCHES OR LE,AA,Adult Arrest,101036,Ora,F,34,No,Yes,1741203,Celestine,F,31,No,0,No,1111,Kaushik,M,8,4
200106593,16:30:00,Phone,FALSE,4,425,Rampart,165,8500,5,442,SHOPLIFTING - PETTY THEFT ($95,400,"STRONG-ARM (HANDS, FIST, FEET ",IC,Invest Cont,52117,Sasha,F,48,No,No,2017383,Sullivan,M,40,No,0,No,2036,Tasean,M,8,4
200106598,17:30:00,In-Person,TRUE,2,323,Northeast,255,4100,9,442,SHOPLIFTING - PETTY THEFT ($95,400,"STRONG-ARM (HANDS, FIST, FEET ",IC,Invest Cont,43137,Ervin,M,39,Yes,Yes,1416339,Oma,F,37,Yes,7,No,1023,Everrett,M,12,4
200106599,18:15:00,Phone,TRUE,3,371,West LA,244,5500,9,442,SHOPLIFTING - PETTY THEFT ($95,400,"STRONG-ARM (HANDS, FIST, FEET ",IC,Invest Cont,67868,Alondra,F,47,No,No,843250,Fanny,F,41,No,0,No,3245,Arretta,F,12,4
200106600,22:30:00,Phone,TRUE,5,893,Harbor,180,6500,10,624,BATTERY - SIMPLE ASSAULT,500,UNKNOWN WEAPON/OTHER WEAPON,IC,Invest Cont,53100,Jude,M,49,Yes,No,1226383,Lanny,M,34,Yes,3,No,2041,Afrika,F,11,4
200106604,09:30:00,Phone,TRUE,5,887,Newton,275,3409,12,888,TRESPASSING,501,BOMB THREAT,IC,Invest Cont,62497,Lucinda,F,34,No,No,1650332,Samson,M,32,Yes,7,No,2041,Afrika,F,11,4
200106606,03:05:00,In-Person,FALSE,1,223,West Valley,268,3950,8,624,BATTERY - SIMPLE ASSAULT,500,UNKNOWN WEAPON/OTHER WEAPON,IC,Invest Cont,96326,Bettie,F,57,No,Yes,1936522,Lettie,F,33,Yes,5,No,1111,Kaushik,M,8,4
200106608,03:00:00,Phone,TRUE,3,371,West LA,244,5500,9,910,KIDNAPPING,308,STICK,IC,Invest Cont,30651,Declan,M,10,Yes,No,868977,Milagros,F,33,Yes,6,No,7010,Syann,F,9,4
200106614,06:00:00,Phone,TRUE,1,223,West Valley,268,3950,8,624,BATTERY - SIMPLE ASSAULT,500,UNKNOWN WEAPON/OTHER WEAPON,AA,Adult Arrest,56957,Paisley,F,56,No,No,389334,Jacques,M,36,Yes,4,No,1111,Kaushik,M,8,4
200106615,06:00:00,In-Person,FALSE,5,887,Newton,275,3409,12,624,BATTERY - SIMPLE ASSAULT,500,UNKNOWN WEAPON/OTHER WEAPON,AA,Adult Arrest,51586,Gustavo,M,48,No,No,2223025,Valentin,M,37,No,0,No,2041,Afrika,F,11,4
200106616,09:05:00,Phone,FALSE,3,371,West LA,244,5500,9,624,BATTERY - SIMPLE ASSAULT,500,UNKNOWN WEAPON/OTHER WEAPON,IC,Invest Cont,89774,Delaney,F,31,Yes,Yes,1483745,Shirley,M,41,No,0,No,2038,Veldon,M,11,4
200106617,14:08:00,Phone,FALSE,7,1001,Hollywood,280,3200,8,910,KIDNAPPING,308,STICK,IC,Invest Cont,123609,Valentina,F,10,Yes,Yes,1249709,Omari,M,35,Yes,6,No,7100,Varnika,F,12,4
200106618,22:00:00,In-Person,FALSE,6,990,Hollenbeck,170,6686,5,745,VANDALISM - MISDEAMEANOR ($399,306,ROCK/THROWN OBJECT,IC,Invest Cont,40063,Emilia,F,47,Yes,Yes,815007,Eliseo,M,39,No,0,No,3259,Kla,F,8,4
200106621,06:50:00,In-Person,FALSE,7,1001,Hollywood,280,3200,8,930,CRIMINAL THREATS - NO WEAPON D,212,BOTTLE,IC,Invest Cont,20336,Helena,F,34,Yes,Yes,303328,Aleena,F,33,Yes,2,No,5555,Shaaron,F,13,4
200106622,06:50:00,In-Person,TRUE,6,990,Hollenbeck,170,6686,5,624,BATTERY - SIMPLE ASSAULT,500,UNKNOWN WEAPON/OTHER WEAPON,IC,Invest Cont,81894,Desmond,M,56,Yes,Yes,2363309,Mckinley,M,40,No,0,No,3259,Kla,F,8,4
200106629,11:40:00,Phone,FALSE,1,223,West Valley,268,3950,8,664,"BUNCO, PETTY THEFT",103,RIFLE,IC,Invest Cont,56206,Kyra,F,34,No,Yes,1268547,Barton,M,36,Yes,7,No,2033,Ray,M,14,4
200106631,12:00:00,Phone,TRUE,6,990,Hollenbeck,170,6686,5,624,BATTERY - SIMPLE ASSAULT,500,UNKNOWN WEAPON/OTHER WEAPON,IC,Invest Cont,59291,Ismael,M,47,Yes,Yes,617103,Bronson,M,37,No,0,No,2037,Traivon,M,12,4
200106636,19:20:00,Phone,TRUE,1,223,West Valley,268,3950,8,740,VANDALISM - FELONY ($400 & OVE,200,KNIFE WITH BLADE 6INCHES OR LE,IC,Invest Cont,100393,Fern,F,34,No,Yes,2208238,Unknown,F,39,Yes,7,No,1111,Kaushik,M,8,4
200106637,08:40:00,Phone,TRUE,6,990,Hollenbeck,170,6686,5,745,VANDALISM - MISDEAMEANOR ($399,306,ROCK/THROWN OBJECT,IC,Invest Cont,63139,Tori,F,49,Yes,Yes,2363184,Demi,F,32,No,0,No,3259,Kla,F,8,4
200106644,15:00:00,In-Person,TRUE,4,425,Rampart,165,8500,5,946,OTHER MISCELLANEOUS CRIME,204,FOLDING KNIFE,IC,Invest Cont,119320,Jalen,M,59,No,Yes,1549276,Dino,M,41,No,0,No,3251,Genever,F,11,4
200106652,13:40:00,In-Person,TRUE,3,371,West LA,244,5500,9,860,BATTERY WITH SEXUAL CONTACT,201,KNIFE WITH BLADE OVER 6 INCHES,AA,Adult Arrest,81521,Ron,M,47,Yes,Yes,792246,Kirstin,F,33,Yes,2,No,3246,Bonnell,F,9,4
200106654,20:45:00,Phone,TRUE,5,893,Harbor,180,6500,10,930,CRIMINAL THREATS - NO WEAPON D,212,BOTTLE,IC,Invest Cont,73602,Keegan,M,51,Yes,Yes,716440,Antionette,F,37,Yes,4,No,2041,Afrika,F,11,4
200106663,19:30:00,Phone,TRUE,5,893,Harbor,180,6500,10,442,SHOPLIFTING - PETTY THEFT ($95,400,"STRONG-ARM (HANDS, FIST, FEET ",IC,Invest Cont,117113,Laila,F,49,Yes,Yes,2236243,Starr,F,32,Yes,1,No,2041,Afrika,F,11,4
200106664,21:10:00,Phone,FALSE,6,990,Hollenbeck,170,6686,5,910,KIDNAPPING,308,STICK,AO,Adult Other,39998,Ashleigh,F,10,Yes,Yes,1340553,Kerrie,F,34,No,0,No,3259,Kla,F,8,4
200106665,16:50:00,In-Person,FALSE,5,893,Harbor,180,6500,10,442,SHOPLIFTING - PETTY THEFT ($95,400,"STRONG-ARM (HANDS, FIST, FEET ",IC,Invest Cont,94282,Jameson,M,44,No,Yes,1421913,Zariah,F,37,No,0,No,2041,Afrika,F,11,4
200106681,20:20:00,In-Person,TRUE,3,336,Van Nuys,250,4149,9,740,VANDALISM - FELONY ($400 & OVE,200,KNIFE WITH BLADE 6INCHES OR LE,IC,Invest Cont,75650,Lukas,M,53,Yes,Yes,965014,Marcelo,M,37,Yes,3,No,4004,Mirakle,F,9,4
200106683,04:00:00,Phone,TRUE,1,223,West Valley,268,3950,8,910,KIDNAPPING,308,STICK,IC,Invest Cont,94091,Therese,F,10,Yes,Yes,2183213,Jaylon,M,40,Yes,5,No,1111,Kaushik,M,8,4
200106688,15:56:00,In-Person,FALSE,6,990,Hollenbeck,170,6686,5,946,OTHER MISCELLANEOUS CRIME,204,FOLDING KNIFE,IC,Invest Cont,101927,Sherrie,F,32,No,Yes,252412,Sunny,F,30,Yes,6,No,3259,Kla,F,8,4
200106700,08:30:00,Phone,TRUE,2,323,Northeast,255,4100,9,901,VIOLATION OF RESTRAINING ORDER,101,REVOLVER,IC,Invest Cont,123690,Ciara,F,57,No,Yes,2380102,Philomena,F,30,No,0,No,1023,Everrett,M,12,4
200106703,22:10:00,Phone,FALSE,3,336,Van Nuys,250,4149,9,442,SHOPLIFTING - PETTY THEFT ($95,400,"STRONG-ARM (HANDS, FIST, FEET ",IC,Invest Cont,71760,Greyson,M,41,Yes,Yes,1298010,Josef,M,37,Yes,1,No,2038,Veldon,M,11,4
200106709,15:24:00,Phone,TRUE,4,425,Rampart,165,8500,5,740,VANDALISM - FELONY ($400 & OVE,200,KNIFE WITH BLADE 6INCHES OR LE,IC,Invest Cont,81711,Reba,F,42,No,Yes,157220,Astrid,F,34,No,0,No,3223,Anayely,F,11,4
200106710,12:15:00,In-Person,TRUE,1,223,West Valley,268,3950,8,910,KIDNAPPING,308,STICK,AA,Adult Arrest,82442,Reid,M,10,No,Yes,1592989,Raymundo,M,31,Yes,6,No,1111,Kaushik,M,8,4
200106713,19:45:00,Phone,FALSE,1,223,West Valley,268,3950,8,510,VEHICLE - STOLEN,207,OTHER KNIFE,IC,Invest Cont,120855,Patrice,F,60,No,Yes,352805,Patrica,F,31,Yes,2,No,2033,Ray,M,14,4
200106716,19:20:00,In-Person,TRUE,3,336,Van Nuys,250,4149,9,910,KIDNAPPING,308,STICK,IC,Invest Cont,32187,Lenora,F,10,No,Yes,1158749,Layton,M,37,No,0,No,7010,Syann,F,9,4
200106722,20:00:00,Phone,TRUE,6,990,Hollenbeck,170,6686,5,888,TRESPASSING,501,BOMB THREAT,IC,Invest Cont,38704,Alisa,F,35,Yes,Yes,1291770,Brigitte,F,30,Yes,6,No,3259,Kla,F,8,4
200106729,02:45:00,In-Person,TRUE,7,1001,Hollywood,280,3200,8,624,BATTERY - SIMPLE ASSAULT,500,UNKNOWN WEAPON/OTHER WEAPON,IC,Invest Cont,17890,Mayra,F,48,Yes,Yes,710060,Cliff,M,37,Yes,3,No,5100,Rheda,F,12,4
200106736,03:30:00,Phone,FALSE,3,371,West LA,244,5500,9,901,VIOLATION OF RESTRAINING ORDER,101,REVOLVER,IC,Invest Cont,50713,Melba,F,60,Yes,Yes,231537,Jaida,F,31,No,0,No,1026,Jermale,M,9,4
200106739,13:40:00,Phone,FALSE,5,887,Newton,275,3409,12,510,VEHICLE - STOLEN,207,OTHER KNIFE,IC,Invest Cont,104528,Deloris,F,34,No,Yes,421777,Fabiola,F,31,No,0,No,2041,Afrika,F,11,4
200107002,18:50:00,In-Person,FALSE,6,990,Hollenbeck,170,6686,5,330,BURGLARY FROM VEHICLE,302,BLUNT INSTRUMENT,IC,Invest Cont,73350,Ollie,F,54,Yes,Yes,1632660,Adonis,M,35,Yes,1,No,1028,Keahi,M,14,4
200109376,22:50:00,Phone,TRUE,1,223,West Valley,268,3950,8,310,BURGLARY,113,SIMULATED GUN,IC,Invest Cont,42651,Aileen,F,39,Yes,Yes,272361,Linnea,F,37,No,0,No,2033,Ray,M,14,4
200109618,18:45:00,Phone,TRUE,3,371,West LA,244,5500,9,230,"ASSAULT WITH DEADLY WEAPON, AG",216,SCISSORS,AA,Adult Arrest,96090,Lucile,F,33,No,Yes,507204,Liz,F,37,No,0,No,4004,Mirakle,F,9,4
200109640,04:00:00,In-Person,FALSE,5,887,Newton,275,3409,12,820,ORAL COPULATION,998,SCIRROR,IC,Invest Cont,109173,Mack,M,56,Yes,Yes,2000843,Adaline,F,31,Yes,1,No,2040,Yassir,M,13,4
200109693,11:45:00,Phone,FALSE,3,371,West LA,244,5500,9,440,THEFT PLAIN - PETTY ($950 & UN,102,HAND GUN,AA,Adult Arrest,107812,Tommie,M,36,Yes,Yes,116255,Aliza,F,35,No,0,No,4004,Mirakle,F,9,4
200112448,17:00:00,In-Person,FALSE,3,336,Van Nuys,250,4149,9,310,BURGLARY,113,SIMULATED GUN,IC,Invest Cont,72693,Corbin,M,55,No,Yes,205457,Ally,F,36,No,0,No,4004,Mirakle,F,9,4
200118253,17:00:00,Phone,TRUE,6,990,Hollenbeck,170,6686,5,420,THEFT FROM MOTOR VEHICLE - PET,506,FIRE,IC,Invest Cont,42281,Phoebe,F,39,No,Yes,123456,Andria,F,32,No,0,No,1028,Keahi,M,14,4
200200503,07:20:00,In-Person,TRUE,7,1001,Hollywood,280,3200,8,442,SHOPLIFTING - PETTY THEFT ($95,400,"STRONG-ARM (HANDS, FIST, FEET ",IC,Invest Cont,117748,Dakota,F,58,Yes,Yes,507926,Myah,F,31,No,0,No,7100,Varnika,F,12,4
200200504,14:30:00,In-Person,FALSE,6,990,Hollenbeck,170,6686,5,236,INTIMATE PARTNER - AGGRAVATED,205,KITCHEN KNIFE,IC,Invest Cont,2565,Trina,F,55,No,Yes,95535,Thomas (Annie Louis,F,32,No,0,No,3259,Kla,F,8,4
200200509,01:00:00,Email,FALSE,2,323,Northeast,255,4100,9,210,ROBBERY,515,PHYSICAL PRESENCE,AA,Adult Arrest,26889,Luna,F,48,Yes,Yes,1664023,James Vivian (Lulu,M,36,No,0,No,2034,Royston,M,11,4
200200511,10:30:00,Email,TRUE,5,893,Harbor,180,6500,10,230,"ASSAULT WITH DEADLY WEAPON, AG",216,SCISSORS,IC,Invest Cont,21105,Dewey,M,52,No,Yes,2034814,Lyyli Karoliina,M,39,No,0,No,4002,Lynnmarie,F,12,4
200200512,15:45:00,Email,TRUE,5,893,Harbor,180,6500,10,210,ROBBERY,515,PHYSICAL PRESENCE,IC,Invest Cont,52692,Keri,F,58,No,Yes,308569,William John,F,37,Yes,1,No,4003,Melah,F,10,4
200200515,01:30:00,Email,TRUE,1,223,West Valley,268,3950,8,330,BURGLARY FROM VEHICLE,302,BLUNT INSTRUMENT,IC,Invest Cont,37581,Chelsey,F,49,Yes,Yes,1775413,Catharina,F,40,No,0,No,1031,Kowen,M,13,4
200200516,15:40:00,Email,FALSE,3,336,Van Nuys,250,4149,9,740,VANDALISM - FELONY ($400 & OVE,200,KNIFE WITH BLADE 6INCHES OR LE,IC,Invest Cont,79471,Jayson,M,46,No,Yes,1558999,Stanio,M,37,No,0,No,4004,Mirakle,F,9,4
200200518,18:00:00,In-Person,TRUE,2,261,77th Street,150,8889,9,236,INTIMATE PARTNER - AGGRAVATED,205,KITCHEN KNIFE,IC,Invest Cont,117123,Amos,M,37,Yes,Yes,1156803,David,M,33,Yes,7,No,2034,Royston,M,11,4
200200521,10:40:00,In-Person,FALSE,7,1001,Hollywood,280,3200,8,441,THEFT PLAIN - ATTEMPT,995,CHEMICAL,IC,Invest Cont,54256,Dorothea,F,34,No,Yes,532390,Leo,M,40,Yes,7,No,7100,Varnika,F,12,4
200200526,16:30:00,Email,TRUE,7,1001,Hollywood,280,3200,8,740,VANDALISM - FELONY ($400 & OVE,200,KNIFE WITH BLADE 6INCHES OR LE,IC,Invest Cont,21527,Jolene,F,30,No,Yes,2199330,Ernst Gilbert (Anna,M,32,No,0,No,7100,Varnika,F,12,4
200200527,23:00:00,In-Person,TRUE,3,371,West LA,244,5500,9,330,BURGLARY FROM VEHICLE,302,BLUNT INSTRUMENT,IC,Invest Cont,48883,Clint,M,33,Yes,Yes,1644721,Viktor Richard,F,32,No,0,No,4004,Mirakle,F,9,4
200200528,13:00:00,Phone,TRUE,6,990,Hollenbeck,170,6686,5,946,OTHER MISCELLANEOUS CRIME,204,FOLDING KNIFE,IC,Invest Cont,116398,Lamar,M,32,No,Yes,661177,Phillippe,F,39,Yes,1,No,3259,Kla,F,8,4
200200529,20:00:00,Email,TRUE,2,322,Southwest,168,7800,8,740,VANDALISM - FELONY ($400 & OVE,200,KNIFE WITH BLADE 6INCHES OR LE,IC,Invest Cont,103494,Frankie,F,52,Yes,Yes,303026,Charles V (Ada Mari,F,35,Yes,5,No,2034,Royston,M,11,4
200208099,01:45:00,In-Person,TRUE,7,1001,Hollywood,280,3200,8,230,"ASSAULT WITH DEADLY WEAPON, AG",216,SCISSORS,IC,Invest Cont,3852,Toby,M,49,No,Yes,1847829,Abe,M,31,No,0,No,7100,Varnika,F,12,4
200208234,19:00:00,Phone,FALSE,6,990,Hollenbeck,170,6686,5,740,VANDALISM - FELONY ($400 & OVE,200,KNIFE WITH BLADE 6INCHES OR LE,IC,Invest Cont,105788,Hudson,M,46,Yes,Yes,2170400,Sloane,F,37,Yes,2,No,3259,Kla,F,8,4
200208239,18:00:00,Phone,FALSE,6,990,Hollenbeck,170,6686,5,510,VEHICLE - STOLEN,207,OTHER KNIFE,IC,Invest Cont,65552,Brock,M,48,No,No,730248,Kelsi,F,32,No,0,No,3259,Kla,F,8,4
200208266,19:40:00,Phone,TRUE,3,371,West LA,244,5500,9,623,BATTERY POLICE (SIMPLE),215,MACHETE,IC,Invest Cont,101821,Kaiden,M,48,No,No,2240683,Lemuel,M,34,Yes,5,No,4004,Mirakle,F,9,4
200208267,02:30:00,Phone,TRUE,6,990,Hollenbeck,170,6686,5,310,BURGLARY,113,SIMULATED GUN,IC,Invest Cont,83556,Mindy,F,57,No,Yes,2321897,Janiya,F,37,Yes,1,No,2037,Traivon,M,12,4
200215059,02:50:00,Phone,FALSE,1,223,West Valley,268,3950,8,626,INTIMATE PARTNER - SIMPLE ASSA,109,SEMI-AUTOMATIC PISTOL,IC,Invest Cont,22935,Piper,F,7,No,Yes,644965,Wilford,M,41,No,0,No,2042,Amilah,F,12,4
200309072,04:00:00,Phone,FALSE,7,1001,Hollywood,280,3200,8,740,VANDALISM - FELONY ($400 & OVE,200,KNIFE WITH BLADE 6INCHES OR LE,AA,Adult Arrest,91564,Tammie,F,51,No,Yes,2104234,Aliya,F,33,No,0,No,7100,Varnika,F,12,4
200311971,10:00:00,Phone,TRUE,1,223,West Valley,268,3950,8,900,VIOLATION OF COURT ORDER,223,UNKNOWN TYPE CUTTING INSTRUMEN,IC,Invest Cont,72565,Dane,M,30,No,Yes,2104038,Matthias,M,34,Yes,3,No,2042,Amilah,F,12,4
200312037,21:10:00,Phone,TRUE,4,425,Rampart,165,8500,5,624,BATTERY - SIMPLE ASSAULT,500,UNKNOWN WEAPON/OTHER WEAPON,IC,Invest Cont,8633,Noelle,F,56,No,Yes,788153,Stacia,F,34,No,0,No,2036,Tasean,M,8,4
200407234,12:00:00,Phone,FALSE,6,990,Hollenbeck,170,6686,5,910,KIDNAPPING,308,STICK,IC,Invest Cont,85053,Tami,F,10,Yes,No,1580644,Natalee,F,34,Yes,4,No,3259,Kla,F,8,4
200407242,18:15:00,Phone,FALSE,1,223,West Valley,268,3950,8,662,"BUNCO, GRAND THEFT",512,MACE/PEPPER SPRAY,IC,Invest Cont,18959,Conrad,M,41,Yes,Yes,1691248,Maryam,F,37,No,0,No,2042,Amilah,F,12,4
200407269,14:25:00,Phone,FALSE,3,371,West LA,244,5500,9,330,BURGLARY FROM VEHICLE,302,BLUNT INSTRUMENT,IC,Invest Cont,90485,August,M,46,No,Yes,2270661,Wilburn,M,40,No,0,No,4004,Mirakle,F,9,4
200407371,13:00:00,Phone,TRUE,7,1001,Hollywood,280,3200,8,510,VEHICLE - STOLEN,207,OTHER KNIFE,IC,Invest Cont,25744,Janine,F,60,Yes,Yes,1233603,Alex,F,37,Yes,1,No,7100,Varnika,F,12,4
200409340,12:30:00,Phone,FALSE,3,336,Van Nuys,250,4149,9,420,THEFT FROM MOTOR VEHICLE - PET,506,FIRE,IC,Invest Cont,44485,Marcella,F,54,Yes,No,2107640,Ashly,F,30,Yes,3,No,4004,Mirakle,F,9,4
200410044,04:45:00,Phone,FALSE,1,223,West Valley,268,3950,8,946,OTHER MISCELLANEOUS CRIME,204,FOLDING KNIFE,IC,Invest Cont,15199,Damien,M,44,No,Yes,1760385,Nico,M,40,Yes,4,No,2042,Amilah,F,12,4
200411550,14:40:00,Phone,FALSE,1,223,West Valley,268,3950,8,624,BATTERY - SIMPLE ASSAULT,500,UNKNOWN WEAPON/OTHER WEAPON,IC,Invest Cont,23972,Gretchen,F,52,No,Yes,81502,Talon,M,40,No,0,No,2042,Amilah,F,12,4
200412940,10:15:00,Phone,FALSE,1,223,West Valley,268,3950,8,624,BATTERY - SIMPLE ASSAULT,500,UNKNOWN WEAPON/OTHER WEAPON,IC,Invest Cont,72790,Athena,F,47,No,Yes,1295519,Jayceon,M,37,Yes,1,No,2042,Amilah,F,12,4
200504494,13:40:00,In-Person,FALSE,1,223,West Valley,268,3950,8,930,CRIMINAL THREATS - NO WEAPON D,212,BOTTLE,IC,Invest Cont,66856,Gerard,M,44,No,Yes,1064120,Kamila,F,31,Yes,6,No,2042,Amilah,F,12,4
200504818,03:00:00,Phone,TRUE,1,223,West Valley,268,3950,8,626,INTIMATE PARTNER - SIMPLE ASSA,109,SEMI-AUTOMATIC PISTOL,IC,Invest Cont,122622,Dexter,M,60,No,Yes,5032,Shyanne,F,30,Yes,6,No,2042,Amilah,F,12,4
200505554,18:20:00,In-Person,FALSE,7,1001,Hollywood,280,3200,8,510,VEHICLE - STOLEN,207,OTHER KNIFE,IC,Invest Cont,33221,Tricia,F,58,Yes,Yes,1500742,George,F,33,No,0,No,7100,Varnika,F,12,4
200506685,14:30:00,Phone,TRUE,2,323,Northeast,255,4100,9,341,THEFT-GRAND ($950.01 & OVER)EX,208,RAZOR,IC,Invest Cont,86594,Gregg,M,48,No,Yes,1370988,Bud,M,41,Yes,3,No,2034,Royston,M,11,4
200507056,21:05:00,Phone,FALSE,6,990,Hollenbeck,170,6686,5,740,VANDALISM - FELONY ($400 & OVE,200,KNIFE WITH BLADE 6INCHES OR LE,IC,Invest Cont,7931,Allie,F,32,Yes,No,360245,Kallie,F,33,Yes,3,No,1028,Keahi,M,14,4
200507248,22:00:00,Phone,FALSE,7,1001,Hollywood,280,3200,8,310,BURGLARY,113,SIMULATED GUN,IC,Invest Cont,63664,Irvin,M,33,No,Yes,2076759,Lauretta,F,31,No,0,No,7100,Varnika,F,12,4
200507574,01:00:00,Phone,FALSE,2,322,Southwest,168,7800,8,740,VANDALISM - FELONY ($400 & OVE,200,KNIFE WITH BLADE 6INCHES OR LE,IC,Invest Cont,13650,Jeannie,F,39,No,Yes,2383444,Essence,F,30,No,0,No,2034,Royston,M,11,4
200507649,21:00:00,Phone,FALSE,6,990,Hollenbeck,170,6686,5,510,VEHICLE - STOLEN,207,OTHER KNIFE,IC,Invest Cont,47176,Adrianna,F,50,No,No,1999712,Dinah,F,40,No,0,No,3259,Kla,F,8,4
200510123,21:00:00,Phone,FALSE,6,990,Hollenbeck,170,6686,5,510,VEHICLE - STOLEN,207,OTHER KNIFE,IC,Invest Cont,86841,Edmund,M,36,No,Yes,779731,Monika,F,39,Yes,2,No,1028,Keahi,M,14,4
200510752,09:45:00,In-Person,FALSE,1,223,West Valley,268,3950,8,330,BURGLARY FROM VEHICLE,302,BLUNT INSTRUMENT,IC,Invest Cont,46944,Delbert,M,33,Yes,Yes,257841,Bernardo,M,41,Yes,6,No,2042,Amilah,F,12,4
200608276,06:30:00,In-Person,FALSE,6,990,Hollenbeck,170,6686,5,740,VANDALISM - FELONY ($400 & OVE,200,KNIFE WITH BLADE 6INCHES OR LE,IC,Invest Cont,103383,Ivy,F,35,Yes,Yes,2025912,Blake,F,34,Yes,5,No,3259,Kla,F,8,4
200608308,17:00:00,Phone,FALSE,1,223,West Valley,268,3950,8,330,BURGLARY FROM VEHICLE,302,BLUNT INSTRUMENT,IC,Invest Cont,94000,Stefanie,F,35,No,Yes,158858,Erin,M,33,No,0,No,2042,Amilah,F,12,4
200608406,23:45:00,In-Person,FALSE,2,323,Northeast,255,4100,9,660,COUNTERFEIT,997,SHORT_KNIFE,IC,Invest Cont,124386,Leanne,F,47,No,Yes,1393512,Benton,M,31,No,0,No,4001,Lynnie,F,10,4
200608527,02:00:00,Phone,FALSE,6,990,Hollenbeck,170,6686,5,354,THEFT OF IDENTITY,513,STUN GUN,IC,Invest Cont,10430,Demetrius,M,52,Yes,Yes,2113444,Evangelina,F,34,Yes,2,No,3259,Kla,F,8,4
200610590,01:08:00,In-Person,FALSE,3,371,West LA,244,5500,9,236,INTIMATE PARTNER - AGGRAVATED,205,KITCHEN KNIFE,IC,Invest Cont,7114,Rosemarie,F,35,Yes,Yes,1026006,Buford,M,31,No,0,No,4004,Mirakle,F,9,4
200700612,14:00:00,Phone,FALSE,6,990,Hollenbeck,170,6686,5,210,ROBBERY,515,PHYSICAL PRESENCE,IC,Invest Cont,46764,Aria,F,49,Yes,Yes,1923381,Sade,F,33,Yes,5,No,3259,Kla,F,8,4
200704808,16:30:00,In-Person,FALSE,3,371,West LA,244,5500,9,930,CRIMINAL THREATS - NO WEAPON D,212,BOTTLE,IC,Invest Cont,44089,Jaime,F,34,Yes,Yes,887037,Lauri,F,33,Yes,2,No,7010,Syann,F,9,4
200704900,22:30:00,Phone,FALSE,4,425,Rampart,165,8500,5,510,VEHICLE - STOLEN,207,OTHER KNIFE,IC,Invest Cont,42278,Jewel,F,52,No,Yes,2018955,Dario,M,32,Yes,6,No,4005,Nabeeha,F,10,4
200705667,16:11:00,In-Person,TRUE,6,990,Hollenbeck,170,6686,5,624,BATTERY - SIMPLE ASSAULT,500,UNKNOWN WEAPON/OTHER WEAPON,IC,Invest Cont,49869,Jazmine,F,37,Yes,Yes,1699810,Winter,F,35,Yes,1,No,1028,Keahi,M,14,4
200707745,15:00:00,Phone,FALSE,2,261,77th Street,150,8889,9,910,KIDNAPPING,308,STICK,IC,Invest Cont,52187,Marina,F,10,Yes,Yes,1314129,Kasandra,F,36,Yes,2,No,2034,Royston,M,11,4
200713387,06:00:00,Phone,FALSE,3,371,West LA,244,5500,9,210,ROBBERY,515,PHYSICAL PRESENCE,IC,Invest Cont,97997,Tia,F,42,Yes,Yes,1443013,Olin,M,40,Yes,7,No,2035,Rue,M,12,4
200713982,02:50:00,Phone,TRUE,6,990,Hollenbeck,170,6686,5,740,VANDALISM - FELONY ($400 & OVE,200,KNIFE WITH BLADE 6INCHES OR LE,AA,Adult Arrest,56845,Lorena,F,34,Yes,No,115917,Melodie,F,41,Yes,5,No,3259,Kla,F,8,4
200804271,21:55:00,In-Person,FALSE,5,887,Newton,275,3409,12,648,ARSON,218,OTHER CUTTING INSTRUMENT,IC,Invest Cont,117699,Kendall,M,53,No,Yes,1569287,Kian,M,33,Yes,3,No,5245,Scotlynn,F,9,4
200806879,07:00:00,In-Person,FALSE,6,990,Hollenbeck,170,6686,5,627,CHILD ABUSE (PHYSICAL) - SIMPL,999,KNIFE,IC,Invest Cont,69609,Laurence,M,52,Yes,No,2246577,Debby,F,34,No,0,No,3260,Loletha,F,14,4
200807525,21:15:00,In-Person,TRUE,6,990,Hollenbeck,170,6686,5,626,INTIMATE PARTNER - SIMPLE ASSA,109,SEMI-AUTOMATIC PISTOL,IC,Invest Cont,50259,Effie,F,58,Yes,Yes,497308,Karrie,F,35,No,0,No,1028,Keahi,M,14,4
200807646,07:00:00,Phone,FALSE,1,223,West Valley,268,3950,8,341,THEFT-GRAND ($950.01 & OVER)EX,208,RAZOR,IC,Invest Cont,106901,Woodrow,M,50,No,No,625178,Iola,F,33,Yes,1,No,4111,Rakayla,F,8,4
200807657,13:30:00,In-Person,FALSE,4,425,Rampart,165,8500,5,330,BURGLARY FROM VEHICLE,302,BLUNT INSTRUMENT,AA,Adult Arrest,122601,Quinn,M,47,Yes,Yes,2259951,Bernie,M,33,No,0,No,4112,Rashae,F,14,4
200808100,21:00:00,Phone,TRUE,5,887,Newton,275,3409,12,510,VEHICLE - STOLEN,207,OTHER KNIFE,IC,Invest Cont,72080,Raven,F,52,No,Yes,261725,Jacquelin,F,37,Yes,3,No,4010,Neeka,F,13,4
200808152,15:30:00,Phone,FALSE,6,990,Hollenbeck,170,6686,5,230,"ASSAULT WITH DEADLY WEAPON, AG",216,SCISSORS,IC,Invest Cont,80716,Pablo,M,59,No,No,2099606,Merry,F,36,Yes,4,No,1028,Keahi,M,14,4
200907510,18:00:00,Phone,TRUE,3,371,West LA,244,5500,9,420,THEFT FROM MOTOR VEHICLE - PET,506,FIRE,IC,Invest Cont,121020,Bette,F,38,No,Yes,279248,Griselda,F,31,Yes,4,No,2035,Rue,M,12,4
200907804,14:25:00,Phone,TRUE,4,425,Rampart,165,8500,5,442,SHOPLIFTING - PETTY THEFT ($95,400,"STRONG-ARM (HANDS, FIST, FEET ",IC,Invest Cont,17002,Tatiana,F,56,No,Yes,1554609,Richelle,F,36,Yes,5,No,3223,Anayely,F,11,4
200907833,12:30:00,In-Person,TRUE,3,371,West LA,244,5500,9,354,THEFT OF IDENTITY,513,STUN GUN,IC,Invest Cont,97684,Christa,F,36,No,Yes,61275,Uriah,M,33,No,0,No,2035,Rue,M,12,4
200907921,12:00:00,In-Person,TRUE,3,371,West LA,244,5500,9,624,BATTERY - SIMPLE ASSAULT,500,UNKNOWN WEAPON/OTHER WEAPON,IC,Invest Cont,43511,Rena,F,36,Yes,Yes,1516621,Ryann,F,36,Yes,4,No,2035,Rue,M,12,4
200908910,14:00:00,Phone,FALSE,5,887,Newton,275,3409,12,910,KIDNAPPING,308,STICK,IC,Invest Cont,98167,Mandy,F,7,Yes,No,1708469,Pasquale,M,34,Yes,4,No,5245,Scotlynn,F,9,4
200910040,19:50:00,In-Person,TRUE,3,371,West LA,244,5500,9,745,VANDALISM - MISDEAMEANOR ($399,306,ROCK/THROWN OBJECT,IC,Invest Cont,1004,Orville,M,58,No,Yes,1592854,Kyle,F,32,Yes,3,No,2035,Rue,M,12,4
200914822,08:00:00,In-Person,TRUE,4,425,Rampart,165,8500,5,354,THEFT OF IDENTITY,513,STUN GUN,IC,Invest Cont,103374,London,F,52,Yes,Yes,1340253,Kristyn,F,32,Yes,4,No,3223,Anayely,F,11,4
200914871,01:00:00,Phone,FALSE,6,990,Hollenbeck,170,6686,5,354,THEFT OF IDENTITY,513,STUN GUN,IC,Invest Cont,44,Nettie,F,35,No,No,1949791,Davin,M,32,Yes,1,No,3260,Loletha,F,14,4
201009428,17:00:00,Phone,FALSE,6,990,Hollenbeck,170,6686,5,510,VEHICLE - STOLEN,207,OTHER KNIFE,AA,Adult Arrest,37971,Francine,F,35,Yes,Yes,2162157,Alijah,M,33,Yes,7,No,3260,Loletha,F,14,4
201009440,10:40:00,Phone,FALSE,6,990,Hollenbeck,170,6686,5,761,BRANDISH WEAPON,307,VEHICLE,IC,Invest Cont,60386,Kayden,M,44,Yes,Yes,205871,Gayla,F,30,No,0,No,3260,Loletha,F,14,4
201012616,01:05:00,Email,FALSE,6,990,Hollenbeck,170,6686,5,740,VANDALISM - FELONY ($400 & OVE,200,KNIFE WITH BLADE 6INCHES OR LE,IC,Invest Cont,93528,Brielle,F,39,No,Yes,2301872,Dottie,F,34,Yes,1,No,3260,Loletha,F,14,4
201107718,07:00:00,Phone,FALSE,6,990,Hollenbeck,170,6686,5,510,VEHICLE - STOLEN,207,OTHER KNIFE,IC,Invest Cont,44041,Sheldon,M,56,No,Yes,638592,Suzanna,F,33,Yes,7,No,1028,Keahi,M,14,4
201107739,01:00:00,In-Person,FALSE,4,425,Rampart,165,8500,5,331,THEFT FROM MOTOR VEHICLE - GRA,312,PIPE/METAL PIPE,IC,Invest Cont,11528,Delia,F,34,No,Yes,641657,Arely,F,35,No,0,No,3223,Anayely,F,11,4
201107767,14:30:00,Phone,TRUE,6,990,Hollenbeck,170,6686,5,420,THEFT FROM MOTOR VEHICLE - PET,506,FIRE,IC,Invest Cont,18101,Eden,F,54,No,Yes,345335,Karol,F,36,Yes,5,No,3260,Loletha,F,14,4
201107830,19:00:00,Phone,FALSE,3,371,West LA,244,5500,9,946,OTHER MISCELLANEOUS CRIME,204,FOLDING KNIFE,IC,Invest Cont,40649,Dominique,F,30,Yes,No,1604002,Izaiah,M,33,Yes,5,No,1026,Jermale,M,9,4
201107832,07:00:00,Phone,TRUE,2,323,Northeast,255,4100,9,440,THEFT PLAIN - PETTY ($950 & UN,102,HAND GUN,IC,Invest Cont,792,Rachelle,F,59,No,Yes,1286591,Jaylin,M,34,No,0,No,3258,Ismerai,F,14,4
201109803,23:45:00,In-Person,FALSE,4,425,Rampart,165,8500,5,900,VIOLATION OF COURT ORDER,223,UNKNOWN TYPE CUTTING INSTRUMEN,IC,Invest Cont,10247,Goldie,F,57,Yes,Yes,1583684,Chaim,M,41,Yes,6,No,4005,Nabeeha,F,10,4
201109908,14:00:00,Phone,FALSE,6,990,Hollenbeck,170,6686,5,330,BURGLARY FROM VEHICLE,302,BLUNT INSTRUMENT,IC,Invest Cont,14155,Lottie,F,41,No,No,2112618,Marybeth,F,37,No,0,No,1028,Keahi,M,14,4
201109966,17:00:00,Phone,FALSE,4,425,Rampart,165,8500,5,510,VEHICLE - STOLEN,207,OTHER KNIFE,IC,Invest Cont,3766,Charity,F,52,Yes,Yes,88700,Rico,M,34,No,0,No,4005,Nabeeha,F,10,4
201110704,19:45:00,In-Person,FALSE,7,1001,Hollywood,280,3200,8,310,BURGLARY,113,SIMULATED GUN,IC,Invest Cont,27534,Alberto,M,48,No,Yes,2251802,Kaia,F,41,No,0,No,7100,Varnika,F,12,4
201200602,18:50:00,Phone,TRUE,6,990,Hollenbeck,170,6686,5,822,HUMAN TRAFFICKING - COMMERCIAL,996,POWDER,IC,Invest Cont,16074,Angeline,F,57,Yes,Yes,1365521,Unknown,M,30,No,0,No,1028,Keahi,M,14,4
201209656,09:00:00,Phone,TRUE,4,425,Rampart,165,8500,5,510,VEHICLE - STOLEN,207,OTHER KNIFE,IC,Invest Cont,13904,Lizzie,F,41,No,No,1707987,Braylen,M,40,Yes,2,No,4005,Nabeeha,F,10,4
201209869,16:20:00,Phone,TRUE,4,425,Rampart,165,8500,5,210,ROBBERY,515,PHYSICAL PRESENCE,IC,Invest Cont,60247,Terrell,M,44,No,Yes,2339951,Lura,F,35,No,0,No,1033,Niki,M,14,4
201211518,07:35:00,Phone,FALSE,4,425,Rampart,165,8500,5,236,INTIMATE PARTNER - AGGRAVATED,205,KITCHEN KNIFE,IC,Invest Cont,30471,Juliana,F,48,Yes,No,492042,Kitty,F,31,Yes,6,No,3223,Anayely,F,11,4
201213326,03:45:00,In-Person,FALSE,5,887,Newton,275,3409,12,350,"THEFT, PERSON",221,GLASS,IC,Invest Cont,95766,Cassidy,F,44,Yes,No,2033094,Katina,F,37,Yes,1,No,2040,Yassir,M,13,4
201213840,10:00:00,Phone,FALSE,4,425,Rampart,165,8500,5,901,VIOLATION OF RESTRAINING ORDER,101,REVOLVER,IC,Invest Cont,75048,Christie,F,49,Yes,Yes,387206,Christiana,F,41,Yes,2,No,4005,Nabeeha,F,10,4
201308123,12:00:00,In-Person,FALSE,4,425,Rampart,165,8500,5,230,"ASSAULT WITH DEADLY WEAPON, AG",216,SCISSORS,AA,Adult Arrest,67910,Neal,M,59,No,No,1195242,Johan,M,40,Yes,4,No,3223,Anayely,F,11,4
201308493,19:30:00,In-Person,TRUE,5,893,Harbor,180,6500,10,930,CRIMINAL THREATS - NO WEAPON D,212,BOTTLE,IC,Invest Cont,112717,Drake,M,52,No,Yes,1065870,Evelynn,F,31,Yes,1,No,2040,Yassir,M,13,4
201308743,12:00:00,Phone,FALSE,5,893,Harbor,180,6500,10,910,KIDNAPPING,308,STICK,AA,Adult Arrest,53619,Cornelius,M,10,Yes,Yes,183148,Sarina,F,41,Yes,1,No,5245,Scotlynn,F,9,4
201308747,11:59:00,Phone,TRUE,4,425,Rampart,165,8500,5,341,THEFT-GRAND ($950.01 & OVER)EX,208,RAZOR,IC,Invest Cont,52553,Maude,F,32,No,Yes,430880,Deann,F,31,No,0,No,4005,Nabeeha,F,10,4
201311512,15:10:00,Phone,FALSE,4,425,Rampart,165,8500,5,626,INTIMATE PARTNER - SIMPLE ASSA,109,SEMI-AUTOMATIC PISTOL,IC,Invest Cont,84640,Kasey,F,58,Yes,Yes,659645,Magdalene,F,33,No,0,No,3223,Anayely,F,11,4
201317336,14:00:00,In-Person,FALSE,3,336,Van Nuys,250,4149,9,624,BATTERY - SIMPLE ASSAULT,500,UNKNOWN WEAPON/OTHER WEAPON,AA,Adult Arrest,32760,Delilah,F,10,No,No,494312,Latrice,F,35,Yes,5,No,2035,Rue,M,12,4
201408698,07:30:00,In-Person,TRUE,6,990,Hollenbeck,170,6686,5,210,ROBBERY,515,PHYSICAL PRESENCE,IC,Invest Cont,71192,Esmeralda,F,51,No,Yes,2038879,Lenard,M,33,Yes,6,No,1028,Keahi,M,14,4
201409377,04:20:00,Phone,TRUE,4,425,Rampart,165,8500,5,310,BURGLARY,113,SIMULATED GUN,IC,Invest Cont,63864,Carroll,M,44,No,Yes,2109705,Berenice,F,36,Yes,1,No,4005,Nabeeha,F,10,4
201410241,19:10:00,Phone,FALSE,4,425,Rampart,165,8500,5,946,OTHER MISCELLANEOUS CRIME,204,FOLDING KNIFE,IC,Invest Cont,107643,Ronda,F,55,No,Yes,2045929,Chantelle,F,37,No,0,No,4005,Nabeeha,F,10,4
201411581,17:00:00,Phone,TRUE,4,425,Rampart,165,8500,5,310,BURGLARY,113,SIMULATED GUN,IC,Invest Cont,117893,Marla,F,44,Yes,No,2204588,Lyndon,M,41,No,0,No,4005,Nabeeha,F,10,4
201412463,12:30:00,Phone,FALSE,6,990,Hollenbeck,170,6686,5,860,BATTERY WITH SEXUAL CONTACT,201,KNIFE WITH BLADE OVER 6 INCHES,IC,Invest Cont,122144,Alec,M,55,Yes,No,348526,Dusty,M,31,No,0,No,1028,Keahi,M,14,4
201417233,14:17:00,In-Person,FALSE,3,371,West LA,244,5500,9,762,LEWD CONDUCT,309,BOARD,IC,Invest Cont,45129,Lynn,M,41,No,Yes,1305160,Antony,M,39,No,0,No,2038,Veldon,M,11,4
201418075,20:30:00,In-Person,TRUE,4,425,Rampart,165,8500,5,230,"ASSAULT WITH DEADLY WEAPON, AG",216,SCISSORS,IC,Invest Cont,77412,Cheri,F,31,No,Yes,572025,Pattie,F,36,Yes,3,No,4005,Nabeeha,F,10,4
201421459,01:15:00,In-Person,FALSE,3,371,West LA,244,5500,9,236,INTIMATE PARTNER - AGGRAVATED,205,KITCHEN KNIFE,IC,Invest Cont,68859,Henrietta,F,32,Yes,No,2259427,Coral,F,37,Yes,4,No,2038,Veldon,M,11,4
201507211,10:30:00,Phone,FALSE,4,425,Rampart,165,8500,5,330,BURGLARY FROM VEHICLE,302,BLUNT INSTRUMENT,IC,Invest Cont,9209,Junior,M,39,Yes,No,1279963,Jadon,M,32,No,0,No,3223,Anayely,F,11,4
201507975,22:30:00,Phone,FALSE,3,336,Van Nuys,250,4149,9,236,INTIMATE PARTNER - AGGRAVATED,205,KITCHEN KNIFE,IC,Invest Cont,3031,Kim,M,49,Yes,Yes,733611,Katelin,F,36,Yes,5,No,1027,Jonavan,M,8,4
201508054,19:30:00,Phone,FALSE,4,425,Rampart,165,8500,5,624,BATTERY - SIMPLE ASSAULT,500,UNKNOWN WEAPON/OTHER WEAPON,IC,Invest Cont,115140,Wilbur,M,54,Yes,No,1558309,Iliana,F,36,Yes,1,No,3223,Anayely,F,11,4
201508084,16:00:00,In-Person,FALSE,6,990,Hollenbeck,170,6686,5,320,"BURGLARY, ATTEMPTED",114,AIR PISTOL/REVOLVER/RIFLE/BB G,IC,Invest Cont,36643,Payton,F,52,Yes,Yes,46749,Daren,M,34,Yes,2,No,1028,Keahi,M,14,4
201508097,04:00:00,Phone,FALSE,4,425,Rampart,165,8500,5,330,BURGLARY FROM VEHICLE,302,BLUNT INSTRUMENT,IC,Invest Cont,76289,Yvette,F,34,Yes,Yes,499902,Moriah,F,30,No,0,No,4005,Nabeeha,F,10,4
201508177,18:00:00,In-Person,TRUE,4,425,Rampart,165,8500,5,510,VEHICLE - STOLEN,207,OTHER KNIFE,IC,Invest Cont,60937,Emilio,M,44,Yes,No,12844,Lashonda,F,39,No,0,No,3223,Anayely,F,11,4
201510214,21:30:00,In-Person,TRUE,4,425,Rampart,165,8500,5,310,BURGLARY,113,SIMULATED GUN,IC,Invest Cont,20530,Bonita,F,39,No,Yes,762101,Landyn,M,36,Yes,6,No,1034,Press,M,14,4
201510679,18:00:00,Phone,FALSE,6,990,Hollenbeck,170,6686,5,510,VEHICLE - STOLEN,207,OTHER KNIFE,IC,Invest Cont,97083,Clay,M,39,No,No,328214,Averie,F,40,Yes,1,No,1028,Keahi,M,14,4
201515377,20:30:00,Phone,FALSE,3,336,Van Nuys,250,4149,9,230,"ASSAULT WITH DEADLY WEAPON, AG",216,SCISSORS,IC,Invest Cont,75164,Shari,F,7,Yes,No,1355429,Tessie,F,35,Yes,2,No,3245,Arretta,F,12,4
201516189,17:30:00,In-Person,TRUE,5,887,Newton,275,3409,12,745,VANDALISM - MISDEAMEANOR ($399,306,ROCK/THROWN OBJECT,IC,Invest Cont,31306,Lane,M,32,No,Yes,165528,Tana,F,33,Yes,1,No,4010,Neeka,F,13,4
210806111,12:00:00,Phone,FALSE,4,425,Rampart,165,8500,5,740,VANDALISM - FELONY ($400 & OVE,200,KNIFE WITH BLADE 6INCHES OR LE,IC,Invest Cont,82724,Zane,M,58,Yes,No,1716577,Retha,F,39,No,0,No,1034,Press,M,14,4
210905381,12:00:00,Phone,FALSE,6,990,Hollenbeck,170,6686,5,236,INTIMATE PARTNER - AGGRAVATED,205,KITCHEN KNIFE,IC,Invest Cont,108433,Roderick,M,31,No,No,1322299,Brook,F,39,Yes,1,No,3260,Loletha,F,14,4
211509299,09:00:00,Phone,TRUE,5,887,Newton,275,3409,12,354,THEFT OF IDENTITY,513,STUN GUN,IC,Invest Cont,45593,Bennett,M,30,Yes,No,1480980,Nestor,M,35,No,0,No,4010,Neeka,F,13,4
