report_no,incident_time,complaint_type,cctv_flag,precinct_code,area_code,area_name,cctv_count,population_density,rounds_per_day,crime_code,crime_type,weapon_code,weapon_desc,case_status_code,case_status_desc,victim_code,victim_name,victim_sex,victim_age,was_victim_alone,is_victim_insured,offender_code,offender_name,offender_sex,offender_age,repeated_offender,no_of_offences,offender_relation,officer_code,officer_name,officer_sex,avg_close_days,week_number
190101086,03:30:00,Phone,FALSE,6,990,Hollenbeck,170,6686,5,624,BATTERY - SIMPLE ASSAULT,500,UNKNOWN WEAPON/OTHER WEAPON,IC,Invest Cont,9871,James,M,25,Yes,Yes,838569,Evangeline,M,25,Yes,7,No,1028,Keahi,M,14,1
191501505,17:30:00,In-Person,TRUE,5,893,Harbor,180,6500,10,745,VANDALISM - MISDEAMEANOR ($399,306,ROCK/THROWN OBJECT,IC,Invest Cont,59180,Robert,M,76,Yes,Yes,2358502,Adan,M,23,Yes,2,No,4010,Neeka,F,13,1
200100501,00:30:00,Phone,TRUE,5,887,Newton,275,3409,12,121,"RAPE, FORCIBLE",511,VERBAL THREAT,IC,Invest Cont,33233,Michael,M,25,Yes,Yes,949516,Willa,M,31,Yes,2,No,4010,Neeka,F,13,1
200100502,13:15:00,Email,TRUE,6,990,Hollenbeck,170,6686,5,442,SHOPLIFTING - PETTY THEFT ($95,400,"STRONG-ARM (HANDS, FIST, FEET ",IC,Invest Cont,94634,William,M,23,Yes,Yes,951627,Sondra,M,40,Yes,7,No,1028,Keahi,M,14,1
200100504,00:40:00,Email,TRUE,6,990,Hollenbeck,170,6686,5,946,OTHER MISCELLANEOUS CRIME,204,FOLDING KNIFE,IC,Invest Cont,99438,Mary,F,44,Yes,Yes,1127185,Anderson,M,40,Yes,1,No,1028,Keahi,M,14,1
200100507,02:00:00,Email,FALSE,3,336,Van Nuys,250,4149,9,341,THEFT-GRAND ($950.01 & OVER)EX,208,RAZOR,IC,Invest Cont,43888,David,M,56,Yes,Yes,297867,Boyd,M,30,Yes,2,No,2035,Rue,M,12,1
200100509,22:00:00,Email,FALSE,3,371,West LA,244,5500,9,330,BURGLARY FROM VEHICLE,302,BLUNT INSTRUMENT,IC,Invest Cont,52299,Joseph,M,51,Yes,Yes,527795,Mickey,M,36,Yes,2,No,3245,Arretta,F,12,1
200100510,09:55:00,Phone,FALSE,3,336,Van Nuys,250,4149,9,930,CRIMINAL THREATS - NO WEAPON D,212,BOTTLE,IC,Invest Cont,89061,Richard,M,31,Yes,Yes,364686,Hayden,M,37,Yes,2,No,3245,Arretta,F,12,1
200100514,13:55:00,In-Person,FALSE,6,990,Hollenbeck,170,6686,5,341,THEFT-GRAND ($950.01 & OVER)EX,208,RAZOR,AA,Adult Arrest,36445,Charles,M,53,Yes,Yes,787093,Harmony,M,41,Yes,6,No,1028,Keahi,M,14,1
200100515,16:38:00,Phone,TRUE,3,336,Van Nuys,250,4149,9,648,ARSON,218,OTHER CUTTING INSTRUMENT,IC,Invest Cont,21042,Thomas,M,42,Yes,Yes,1833848,Grover,M,32,Yes,1,No,3245,Arretta,F,12,1
200100520,18:05:00,Email,TRUE,6,990,Hollenbeck,170,6686,5,442,SHOPLIFTING - PETTY THEFT ($95,400,"STRONG-ARM (HANDS, FIST, FEET ",IC,Invest Cont,2062,Christopher,M,46,Yes,Yes,2299935,Trudy,M,41,Yes,5,No,3260,Loletha,F,14,1
200100535,13:30:00,In-Person,FALSE,5,887,Newton,275,3409,12,210,ROBBERY,515,PHYSICAL PRESENCE,IC,Invest Cont,78244,Matthew,M,56,Yes,Yes,232057,Hilary,M,30,Yes,1,No,4010,Neeka,F,13,1
200100538,17:30:00,Phone,FALSE,3,336,Van Nuys,250,4149,9,341,THEFT-GRAND ($950.01 & OVER)EX,208,RAZOR,IC,Invest Cont,3724,Patricia,F,51,Yes,Yes,794569,Staci,M,40,Yes,2,No,2035,Rue,M,12,1
200100543,14:45:00,Phone,FALSE,2,322,Southwest,168,7800,8,442,SHOPLIFTING - PETTY THEFT ($95,400,"STRONG-ARM (HANDS, FIST, FEET ",IC,Invest Cont,52392,Jennifer,F,55,Yes,Yes,633757,Johnathon,M,41,Yes,2,No,1023,Everrett,M,12,1
200100546,07:00:00,In-Person,FALSE,3,371,West LA,244,5500,9,230,"ASSAULT WITH DEADLY WEAPON, AG",216,SCISSORS,AO,Adult Other,19139,Anthony,M,42,Yes,Yes,801151,Pat,M,35,Yes,1,No,3245,Arretta,F,12,1
200100552,20:00:00,Phone,TRUE,5,887,Newton,275,3409,12,230,"ASSAULT WITH DEADLY WEAPON, AG",216,SCISSORS,AA,Adult Arrest,91038,Linda,F,59,Yes,Yes,318773,Jenifer,M,34,Yes,2,No,4010,Neeka,F,13,1
200100556,04:00:00,Email,FALSE,4,425,Rampart,165,8500,5,121,"RAPE, FORCIBLE",511,VERBAL THREAT,IC,Invest Cont,120777,Donald,M,53,Yes,Yes,734065,Dewayne,M,30,Yes,2,No,3251,Genever,F,11,1
200100559,06:00:00,Phone,TRUE,6,990,Hollenbeck,170,6686,5,910,KIDNAPPING,308,STICK,AO,Adult Other,8983,Paul,M,1,Yes,Yes,1091845,Camryn,M,35,Yes,1,No,3260,Loletha,F,14,1
200100568,15:00:00,In-Person,FALSE,3,336,Van Nuys,250,4149,9,930,CRIMINAL THREATS - NO WEAPON D,212,BOTTLE,IC,Invest Cont,105565,Steven,M,48,Yes,Yes,2038483,Kailey,M,37,Yes,2,No,2035,Rue,M,12,1
200100572,21:00:00,In-Person,FALSE,3,336,Van Nuys,250,4149,9,740,VANDALISM - FELONY ($400 & OVE,200,KNIFE WITH BLADE 6INCHES OR LE,IC,Invest Cont,64443,Edward,M,37,Yes,Yes,1480238,Brenden,M,35,Yes,2,No,3245,Arretta,F,12,1
200100574,19:30:00,Email,FALSE,6,990,Hollenbeck,170,6686,5,442,SHOPLIFTING - PETTY THEFT ($95,400,"STRONG-ARM (HANDS, FIST, FEET ",IC,Invest Cont,11360,Margaret,F,53,Yes,Yes,146118,Luz,M,31,Yes,2,No,3260,Loletha,F,14,1
200100576,00:55:00,Phone,FALSE,3,371,West LA,244,5500,9,910,KIDNAPPING,308,STICK,AA,Adult Arrest,92985,Brian,M,1,Yes,Yes,2361245,Eve,M,41,Yes,2,No,2035,Rue,M,12,1
200100578,20:40:00,Email,FALSE,3,336,Van Nuys,250,4149,9,230,"ASSAULT WITH DEADLY WEAPON, AG",216,SCISSORS,AA,Adult Arrest,10077,Kevin,M,51,Yes,Yes,1042149,Freddy,M,36,Yes,7,No,2035,Rue,M,12,1
200100583,09:20:00,Email,FALSE,3,371,West LA,244,5500,9,230,"ASSAULT WITH DEADLY WEAPON, AG",216,SCISSORS,AA,Adult Arrest,122230,Jessica,F,32,Yes,Yes,549790,King,M,34,Yes,6,No,2035,Rue,M,12,1
200100584,16:45:00,Email,FALSE,7,1001,Hollywood,280,3200,8,442,SHOPLIFTING - PETTY THEFT ($95,400,"STRONG-ARM (HANDS, FIST, FEET ",IC,Invest Cont,99506,Sarah,F,41,Yes,Yes,1959059,Jerald,M,32,Yes,5,No,3256,Gracelin,F,11,1
200100587,11:35:00,Email,FALSE,3,371,West LA,244,5500,9,740,VANDALISM - FELONY ($400 & OVE,200,KNIFE WITH BLADE 6INCHES OR LE,IC,Invest Cont,39467,Timothy,M,30,Yes,Yes,2337976,Ximena,M,41,Yes,1,No,1027,Jonavan,M,8,1
200100596,16:00:00,Phone,FALSE,3,336,Van Nuys,250,4149,9,442,SHOPLIFTING - PETTY THEFT ($95,400,"STRONG-ARM (HANDS, FIST, FEET ",IC,Invest Cont,25253,Ronald,M,41,Yes,Yes,1064595,Maverick,M,31,Yes,3,No,3245,Arretta,F,12,1
200104020,02:45:00,In-Person,FALSE,3,336,Van Nuys,250,4149,9,350,"THEFT, PERSON",221,GLASS,IC,Invest Cont,110057,Betty,F,49,Yes,Yes,943136,Greta,M,41,Yes,3,No,3245,Arretta,F,12,1
200104024,03:25:00,Phone,FALSE,5,887,Newton,275,3409,12,740,VANDALISM - FELONY ($400 & OVE,200,KNIFE WITH BLADE 6INCHES OR LE,IC,Invest Cont,118774,Lisa,F,30,Yes,Yes,587956,Glenna,M,40,Yes,1,No,4010,Neeka,F,13,1
200104027,00:30:00,Email,FALSE,6,990,Hollenbeck,170,6686,5,930,CRIMINAL THREATS - NO WEAPON D,212,BOTTLE,IC,Invest Cont,39203,Nicholas,M,35,Yes,Yes,1164413,Heaven,M,39,Yes,4,No,3260,Loletha,F,14,1
200104033,02:30:00,Phone,FALSE,2,323,Northeast,255,4100,9,626,INTIMATE PARTNER - SIMPLE ASSA,109,SEMI-AUTOMATIC PISTOL,IC,Invest Cont,98693,Ashley,F,56,Yes,Yes,104303,Eldon,M,30,Yes,2,No,1023,Everrett,M,12,1
200104035,02:30:00,In-Person,FALSE,5,893,Harbor,180,6500,10,310,BURGLARY,113,SIMULATED GUN,IC,Invest Cont,60169,Frank,M,58,Yes,Yes,965944,Kiana,M,34,Yes,3,No,4010,Neeka,F,13,1
200104036,05:00:00,Email,FALSE,5,893,Harbor,180,6500,10,860,BATTERY WITH SEXUAL CONTACT,201,KNIFE WITH BLADE OVER 6 INCHES,IC,Invest Cont,57832,Gary,M,47,Yes,Yes,1993796,Blanca,M,41,Yes,2,No,4010,Neeka,F,13,1
200104038,12:00:00,Phone,FALSE,6,990,Hollenbeck,170,6686,5,230,"ASSAULT WITH DEADLY WEAPON, AG",216,SCISSORS,IC,Invest Cont,11665,Anna,F,33,Yes,Yes,1898115,Walker,M,37,Yes,7,No,1028,Keahi,M,14,1
200104039,03:44:00,Email,FALSE,5,887,Newton,275,3409,12,745,VANDALISM - MISDEAMEANOR ($399,306,ROCK/THROWN OBJECT,IC,Invest Cont,72731,Stephen,M,36,Yes,Yes,876357,Jonas,M,39,Yes,3,No,4010,Neeka,F,13,1
200104041,10:30:00,Email,FALSE,4,425,Rampart,165,8500,5,480,BIKE - STOLEN,504,DEMAND NOTE,IC,Invest Cont,66229,Jonathan,M,59,Yes,Yes,321126,Nannie,M,39,Yes,3,No,2036,Tasean,M,8,1
200104043,12:00:00,Email,FALSE,6,990,Hollenbeck,170,6686,5,745,VANDALISM - MISDEAMEANOR ($399,306,ROCK/THROWN OBJECT,IC,Invest Cont,8355,Sandra,F,37,Yes,Yes,1050331,Jess,M,33,Yes,3,No,1028,Keahi,M,14,1
200104047,09:05:00,Phone,FALSE,3,336,Van Nuys,250,4149,9,623,BATTERY POLICE (SIMPLE),215,MACHETE,IC,Invest Cont,41878,Emily,F,49,Yes,Yes,2326400,Marley,M,30,Yes,3,No,2035,Rue,M,12,1
200104048,09:05:00,Phone,FALSE,6,990,Hollenbeck,170,6686,5,623,BATTERY POLICE (SIMPLE),215,MACHETE,IC,Invest Cont,101910,Amanda,F,52,Yes,Yes,2169193,Quincy,M,36,Yes,3,No,3260,Loletha,F,14,1
200104051,02:00:00,Email,FALSE,5,893,Harbor,180,6500,10,440,THEFT PLAIN - PETTY ($950 & UN,102,HAND GUN,IC,Invest Cont,60900,Kimberly,F,54,Yes,Yes,263333,Clarice,M,37,Yes,3,No,4010,Neeka,F,13,1
200104054,23:30:00,Email,FALSE,3,336,Van Nuys,250,4149,9,624,BATTERY - SIMPLE ASSAULT,500,UNKNOWN WEAPON/OTHER WEAPON,IC,Invest Cont,53198,Michelle,F,58,Yes,Yes,50908,Guadalupe,M,41,Yes,3,No,3245,Arretta,F,12,1
200104057,20:45:00,Phone,FALSE,3,371,West LA,244,5500,9,230,"ASSAULT WITH DEADLY WEAPON, AG",216,SCISSORS,IC,Invest Cont,28661,Donna,F,30,Yes,Yes,1603337,Chasity,M,30,Yes,7,No,2035,Rue,M,12,1
200104058,19:40:00,In-Person,FALSE,3,336,Van Nuys,250,4149,9,624,BATTERY - SIMPLE ASSAULT,500,UNKNOWN WEAPON/OTHER WEAPON,IC,Invest Cont,123254,Justin,M,35,Yes,Yes,2388619,Leanna,M,35,Yes,5,No,3245,Arretta,F,12,1
200104060,18:00:00,Email,FALSE,3,371,West LA,244,5500,9,624,BATTERY - SIMPLE ASSAULT,500,UNKNOWN WEAPON/OTHER WEAPON,IC,Invest Cont,22448,Laura,F,31,Yes,Yes,1132284,Frieda,M,37,Yes,3,No,3245,Arretta,F,12,1
200104063,20:30:00,In-Person,FALSE,5,887,Newton,275,3409,12,341,THEFT-GRAND ($950.01 & OVER)EX,208,RAZOR,IC,Invest Cont,104869,Ruth,F,52,Yes,Yes,4138,Emerson,M,35,Yes,3,No,4010,Neeka,F,13,1
200104065,18:30:00,In-Person,FALSE,6,990,Hollenbeck,170,6686,5,745,VANDALISM - MISDEAMEANOR ($399,306,ROCK/THROWN OBJECT,IC,Invest Cont,44833,Carol,F,55,Yes,Yes,638454,Isla,M,35,Yes,3,No,1028,Keahi,M,14,1
200104066,23:15:00,Phone,FALSE,3,371,West LA,244,5500,9,745,VANDALISM - MISDEAMEANOR ($399,306,ROCK/THROWN OBJECT,IC,Invest Cont,88818,Brandon,M,31,Yes,Yes,2242269,Rogelio,M,41,Yes,3,No,3245,Arretta,F,12,1
200104069,05:45:00,Email,FALSE,4,425,Rampart,165,8500,5,310,BURGLARY,113,SIMULATED GUN,IC,Invest Cont,109135,Larry,M,47,Yes,Yes,2240257,Ryleigh,M,40,Yes,7,No,1033,Niki,M,14,1
200104073,03:45:00,In-Person,FALSE,6,990,Hollenbeck,170,6686,5,510,VEHICLE - STOLEN,207,OTHER KNIFE,IC,Invest Cont,16377,Scott,M,47,Yes,Yes,1418237,Ramiro,M,32,Yes,3,No,1024,Izreal,M,9,1
200104075,20:00:00,Email,FALSE,2,322,Southwest,168,7800,8,440,THEFT PLAIN - PETTY ($950 & UN,102,HAND GUN,IC,Invest Cont,6474,Melissa,F,54,Yes,Yes,1563525,Darwin,M,34,Yes,1,No,1023,Everrett,M,12,1
200104076,03:00:00,In-Person,FALSE,3,371,West LA,244,5500,9,341,THEFT-GRAND ($950.01 & OVER)EX,208,RAZOR,IC,Invest Cont,14306,Benjamin,M,51,Yes,Yes,232115,Murray,M,36,Yes,5,No,2035,Rue,M,12,1
200104077,20:30:00,Phone,FALSE,5,893,Harbor,180,6500,10,330,BURGLARY FROM VEHICLE,302,BLUNT INSTRUMENT,IC,Invest Cont,84686,Raymond,M,51,Yes,Yes,1972269,Aniyah,M,36,Yes,5,No,4010,Neeka,F,13,1
200104078,08:20:00,Email,FALSE,3,371,West LA,244,5500,9,210,ROBBERY,515,PHYSICAL PRESENCE,IC,Invest Cont,32405,Samuel,M,60,Yes,Yes,721490,Cary,M,32,Yes,1,No,3245,Arretta,F,12,1
200104082,12:25:00,Email,FALSE,3,371,West LA,244,5500,9,624,BATTERY - SIMPLE ASSAULT,500,UNKNOWN WEAPON/OTHER WEAPON,IC,Invest Cont,65657,Rebecca,F,41,Yes,Yes,2337097,Brynn,M,31,Yes,1,No,2035,Rue,M,12,1
200104090,13:05:00,Phone,FALSE,3,336,Van Nuys,250,4149,9,910,KIDNAPPING,308,STICK,IC,Invest Cont,44798,Deborah,F,2,Yes,Yes,1012919,Leann,M,40,Yes,7,No,2035,Rue,M,12,1
200104092,12:00:00,Phone,FALSE,5,893,Harbor,180,6500,10,310,BURGLARY,113,SIMULATED GUN,IC,Invest Cont,47506,Gregory,M,36,Yes,Yes,2219470,Maribel,M,30,Yes,3,No,5245,Scotlynn,F,9,1
200104098,12:40:00,Phone,FALSE,2,322,Southwest,168,7800,8,210,ROBBERY,515,PHYSICAL PRESENCE,AO,Adult Other,122012,Kathleen,F,56,Yes,Yes,837673,Edmond,M,35,Yes,3,No,1023,Everrett,M,12,1
200104101,08:00:00,In-Person,FALSE,4,425,Rampart,165,8500,5,626,INTIMATE PARTNER - SIMPLE ASSA,109,SEMI-AUTOMATIC PISTOL,IC,Invest Cont,99286,Amy,F,59,Yes,Yes,1679292,Kenya,M,39,Yes,5,No,2036,Tasean,M,8,1
200104118,16:00:00,In-Person,FALSE,2,322,Southwest,168,7800,8,624,BATTERY - SIMPLE ASSAULT,500,UNKNOWN WEAPON/OTHER WEAPON,IC,Invest Cont,59000,Cynthia,F,53,Yes,Yes,138442,Bobbi,M,37,Yes,4,No,4011,Nyiesha,F,9,1
200104120,14:50:00,Email,FALSE,6,990,Hollenbeck,170,6686,5,310,BURGLARY,113,SIMULATED GUN,IC,Invest Cont,82910,Alexander,M,46,Yes,Yes,1105892,Larissa,M,34,Yes,3,No,1028,Keahi,M,14,1
200104126,12:15:00,In-Person,FALSE,3,371,West LA,244,5500,9,442,SHOPLIFTING - PETTY THEFT ($95,400,"STRONG-ARM (HANDS, FIST, FEET ",IC,Invest Cont,21823,Patrick,M,32,Yes,Yes,805405,Jean,M,40,Yes,5,No,3245,Arretta,F,12,1
200104127,11:30:00,In-Person,FALSE,2,322,Southwest,168,7800,8,888,TRESPASSING,501,BOMB THREAT,IC,Invest Cont,68917,Jack,M,46,Yes,Yes,813814,Margo,M,37,Yes,3,No,1023,Everrett,M,12,1
200104129,03:20:00,Email,FALSE,6,990,Hollenbeck,170,6686,5,230,"ASSAULT WITH DEADLY WEAPON, AG",216,SCISSORS,IC,Invest Cont,72071,Henry,M,38,Yes,Yes,92783,Lizbeth,M,36,Yes,3,No,3260,Loletha,F,14,1
200104132,19:15:00,In-Person,FALSE,7,1001,Hollywood,280,3200,8,910,KIDNAPPING,308,STICK,IC,Invest Cont,24108,Shirley,F,1,Yes,Yes,1680438,Tiara,M,36,Yes,3,No,5555,Shaaron,F,13,1
200104135,20:00:00,Email,FALSE,6,990,Hollenbeck,170,6686,5,440,THEFT PLAIN - PETTY ($950 & UN,102,HAND GUN,IC,Invest Cont,13098,Emma,F,47,Yes,Yes,646605,Gael,M,36,Yes,3,No,3260,Loletha,F,14,1
200104136,20:00:00,Email,FALSE,4,425,Rampart,165,8500,5,230,"ASSAULT WITH DEADLY WEAPON, AG",216,SCISSORS,AA,Adult Arrest,62213,Catherine,F,41,Yes,Yes,828908,Marquis,M,39,Yes,3,No,2036,Tasean,M,8,1
200104138,17:40:00,In-Person,FALSE,6,990,Hollenbeck,170,6686,5,230,"ASSAULT WITH DEADLY WEAPON, AG",216,SCISSORS,IC,Invest Cont,19736,Virginia,F,42,Yes,Yes,1386803,Thaddeus,M,33,Yes,6,No,3260,Loletha,F,14,1
200104139,22:10:00,In-Person,FALSE,6,990,Hollenbeck,170,6686,5,888,TRESPASSING,501,BOMB THREAT,IC,Invest Cont,83712,Nicole,F,39,Yes,Yes,1229723,Harley,M,39,Yes,3,No,3259,Kla,F,8,1
200104140,21:45:00,In-Person,FALSE,3,371,West LA,244,5500,9,626,INTIMATE PARTNER - SIMPLE ASSA,109,SEMI-AUTOMATIC PISTOL,AA,Adult Arrest,57381,Dennis,M,42,Yes,Yes,531960,Elaina,M,37,Yes,3,No,3245,Arretta,F,12,1
200104141,21:20:00,In-Person,FALSE,2,261,77th Street,150,8889,9,624,BATTERY - SIMPLE ASSAULT,500,UNKNOWN WEAPON/OTHER WEAPON,IC,Invest Cont,21135,Walter,M,38,Yes,Yes,2125016,Malia,M,41,Yes,3,No,4011,Nyiesha,F,9,1
200104150,22:00:00,In-Person,FALSE,4,425,Rampart,165,8500,5,624,BATTERY - SIMPLE ASSAULT,500,UNKNOWN WEAPON/OTHER WEAPON,IC,Invest Cont,52081,Tyler,M,49,Yes,Yes,457915,Bridgette,M,40,Yes,4,No,2036,Tasean,M,8,1
200104187,18:45:00,Email,FALSE,2,261,77th Street,150,8889,9,442,SHOPLIFTING - PETTY THEFT ($95,400,"STRONG-ARM (HANDS, FIST, FEET ",IC,Invest Cont,30525,Brenda,F,31,Yes,Yes,38650,Tamika,M,36,Yes,1,No,1023,Everrett,M,12,1
200104192,09:30:00,Phone,FALSE,2,323,Northeast,255,4100,9,745,VANDALISM - MISDEAMEANOR ($399,306,ROCK/THROWN OBJECT,IC,Invest Cont,109751,Aaron,M,58,Yes,Yes,1961452,Sidney,M,31,Yes,6,No,1023,Everrett,M,12,1
200104201,01:30:00,In-Person,FALSE,3,371,West LA,244,5500,9,330,BURGLARY FROM VEHICLE,302,BLUNT INSTRUMENT,IC,Invest Cont,15322,Christine,F,49,Yes,Yes,1846190,Matt,M,35,Yes,1,No,1029,Keysean,M,9,1
200104204,11:15:00,Email,FALSE,4,425,Rampart,165,8500,5,440,THEFT PLAIN - PETTY ($950 & UN,102,HAND GUN,IC,Invest Cont,38258,Samantha,F,54,Yes,Yes,2219033,Ericka,M,33,Yes,3,No,3223,Anayely,F,11,1
200104205,13:15:00,Phone,FALSE,4,425,Rampart,165,8500,5,440,THEFT PLAIN - PETTY ($950 & UN,102,HAND GUN,IC,Invest Cont,116254,Jacob,M,55,Yes,Yes,640353,Kali,M,37,Yes,3,No,2036,Tasean,M,8,1
200104208,10:15:00,Phone,FALSE,3,336,Van Nuys,250,4149,9,745,VANDALISM - MISDEAMEANOR ($399,306,ROCK/THROWN OBJECT,AO,Adult Other,40696,Adam,M,31,Yes,Yes,1387114,Courtney,M,30,Yes,4,No,1029,Keysean,M,9,1
200104209,18:30:00,Phone,FALSE,3,371,West LA,244,5500,9,624,BATTERY - SIMPLE ASSAULT,500,UNKNOWN WEAPON/OTHER WEAPON,IC,Invest Cont,16339,Rachel,F,37,Yes,Yes,119201,Milo,M,31,Yes,1,No,3245,Arretta,F,12,1
200104221,12:00:00,Phone,FALSE,3,336,Van Nuys,250,4149,9,910,KIDNAPPING,308,STICK,IC,Invest Cont,12493,Pamela,F,2,Yes,Yes,1779438,Winnie,M,30,Yes,5,No,1029,Keysean,M,9,1
200104222,15:50:00,In-Person,FALSE,2,323,Northeast,255,4100,9,910,KIDNAPPING,308,STICK,AA,Adult Arrest,44912,Frances,F,1,Yes,Yes,759666,Rodrigo,M,30,Yes,7,No,1023,Everrett,M,12,1
200104223,18:39:00,Phone,FALSE,6,990,Hollenbeck,170,6686,5,910,KIDNAPPING,308,STICK,IC,Invest Cont,46854,Nathan,M,1,Yes,Yes,171480,Deana,M,34,Yes,3,No,3260,Loletha,F,14,1
200104224,18:00:00,In-Person,FALSE,3,371,West LA,244,5500,9,442,SHOPLIFTING - PETTY THEFT ($95,400,"STRONG-ARM (HANDS, FIST, FEET ",IC,Invest Cont,118474,Douglas,M,52,Yes,Yes,1890109,Lamont,M,37,Yes,3,No,3245,Arretta,F,12,1
200104227,18:00:00,In-Person,FALSE,4,425,Rampart,165,8500,5,442,SHOPLIFTING - PETTY THEFT ($95,400,"STRONG-ARM (HANDS, FIST, FEET ",IC,Invest Cont,76231,Heather,F,60,Yes,Yes,2289934,Payton,M,39,Yes,5,No,2036,Tasean,M,8,1
200104228,18:50:00,Phone,FALSE,3,371,West LA,244,5500,9,210,ROBBERY,515,PHYSICAL PRESENCE,IC,Invest Cont,64689,Evelyn,F,33,Yes,Yes,964739,Rolando,M,35,Yes,4,No,3245,Arretta,F,12,1
200104230,21:00:00,Email,FALSE,7,1001,Hollywood,280,3200,8,420,THEFT FROM MOTOR VEHICLE - PET,506,FIRE,IC,Invest Cont,1016,Jose,M,58,Yes,Yes,821349,Emiliano,M,39,Yes,7,No,5555,Shaaron,F,13,1
200104231,22:20:00,In-Person,FALSE,6,990,Hollenbeck,170,6686,5,230,"ASSAULT WITH DEADLY WEAPON, AG",216,SCISSORS,IC,Invest Cont,76733,Alice,F,54,Yes,Yes,164108,Skyler,M,35,Yes,3,No,3260,Loletha,F,14,1
200104233,16:45:00,Email,FALSE,3,336,Van Nuys,250,4149,9,341,THEFT-GRAND ($950.01 & OVER)EX,208,RAZOR,IC,Invest Cont,1349,Janet,F,57,Yes,Yes,1930890,Cruz,M,30,Yes,3,No,3245,Arretta,F,12,1
200104234,21:00:00,Email,FALSE,2,322,Southwest,168,7800,8,910,KIDNAPPING,308,STICK,IC,Invest Cont,51642,Maria,F,1,Yes,Yes,1612648,Julissa,M,40,Yes,3,No,3258,Ismerai,F,14,1
200104235,22:00:00,Email,FALSE,3,371,West LA,244,5500,9,330,BURGLARY FROM VEHICLE,302,BLUNT INSTRUMENT,IC,Invest Cont,108234,Zachary,M,58,Yes,Yes,1537026,India,M,32,Yes,3,No,3245,Arretta,F,12,1
200104236,16:30:00,In-Person,FALSE,4,425,Rampart,165,8500,5,330,BURGLARY FROM VEHICLE,302,BLUNT INSTRUMENT,IC,Invest Cont,27087,Carolyn,F,59,Yes,Yes,354676,Isiah,M,35,Yes,7,No,3261,Lorian,F,10,1
200104237,05:00:00,In-Person,FALSE,3,336,Van Nuys,250,4149,9,330,BURGLARY FROM VEHICLE,302,BLUNT INSTRUMENT,IC,Invest Cont,48529,Debra,F,44,Yes,Yes,2242679,Anton,M,41,Yes,3,No,1029,Keysean,M,9,1
200104238,18:40:00,Phone,FALSE,3,336,Van Nuys,250,4149,9,330,BURGLARY FROM VEHICLE,302,BLUNT INSTRUMENT,IC,Invest Cont,102996,Harold,M,42,Yes,Yes,2174152,Brantley,M,41,Yes,3,No,1029,Keysean,M,9,1
200104240,11:00:00,Phone,FALSE,3,371,West LA,244,5500,9,331,THEFT FROM MOTOR VEHICLE - GRA,312,PIPE/METAL PIPE,IC,Invest Cont,81850,Martha,F,56,Yes,Yes,1478058,Harlan,M,32,Yes,4,No,3245,Arretta,F,12,1
200104244,00:40:00,Email,FALSE,4,425,Rampart,165,8500,5,624,BATTERY - SIMPLE ASSAULT,500,UNKNOWN WEAPON/OTHER WEAPON,IC,Invest Cont,5879,Marie,F,52,Yes,Yes,1928662,James,M,30,Yes,7,No,2036,Tasean,M,8,1
200104256,16:00:00,Email,FALSE,4,425,Rampart,165,8500,5,910,KIDNAPPING,308,STICK,IC,Invest Cont,15449,Arthur,M,4,Yes,Yes,122804,Alanna,M,36,Yes,5,No,3261,Lorian,F,10,1
200104268,12:30:00,Phone,FALSE,3,336,Van Nuys,250,4149,9,624,BATTERY - SIMPLE ASSAULT,500,UNKNOWN WEAPON/OTHER WEAPON,IC,Invest Cont,114646,Victoria,F,50,Yes,Yes,684073,Carmela,M,34,Yes,3,No,1029,Keysean,M,9,1
200104269,05:00:00,Phone,FALSE,3,336,Van Nuys,250,4149,9,624,BATTERY - SIMPLE ASSAULT,500,UNKNOWN WEAPON/OTHER WEAPON,IC,Invest Cont,33977,Joyce,F,39,Yes,Yes,920146,Nola,M,30,Yes,3,No,3245,Arretta,F,12,1
200104270,16:30:00,Email,FALSE,3,371,West LA,244,5500,9,330,BURGLARY FROM VEHICLE,302,BLUNT INSTRUMENT,IC,Invest Cont,15599,Carl,M,30,Yes,Yes,2357909,Imani,M,39,Yes,3,No,3245,Arretta,F,12,1
200104275,12:38:00,Email,FALSE,3,336,Van Nuys,250,4149,9,910,KIDNAPPING,308,STICK,IC,Invest Cont,29061,Kelly,F,4,Yes,Yes,62592,Ashlynn,M,41,Yes,3,No,3245,Arretta,F,12,1
200104276,21:30:00,Phone,FALSE,4,425,Rampart,165,8500,5,440,THEFT PLAIN - PETTY ($950 & UN,102,HAND GUN,IC,Invest Cont,101499,Albert,M,54,Yes,Yes,1588810,Norah,M,35,Yes,3,No,3261,Lorian,F,10,1
200104277,21:30:00,In-Person,FALSE,3,371,West LA,244,5500,9,330,BURGLARY FROM VEHICLE,302,BLUNT INSTRUMENT,IC,Invest Cont,10131,Rose,F,49,Yes,Yes,153250,Keisha,M,40,Yes,4,No,1029,Keysean,M,9,1
200104279,15:58:00,Email,FALSE,2,323,Northeast,255,4100,9,442,SHOPLIFTING - PETTY THEFT ($95,400,"STRONG-ARM (HANDS, FIST, FEET ",IC,Invest Cont,67014,Megan,F,48,Yes,Yes,1370393,Camilla,M,31,Yes,3,No,4011,Nyiesha,F,9,1
200104281,13:00:00,Email,FALSE,4,425,Rampart,165,8500,5,440,THEFT PLAIN - PETTY ($950 & UN,102,HAND GUN,IC,Invest Cont,75345,Joan,F,49,Yes,Yes,1302727,Kody,M,34,Yes,3,No,3261,Lorian,F,10,1
200104283,17:55:00,In-Person,FALSE,2,261,77th Street,150,8889,9,442,SHOPLIFTING - PETTY THEFT ($95,400,"STRONG-ARM (HANDS, FIST, FEET ",IC,Invest Cont,119663,Ann,F,41,Yes,Yes,1147191,Dominique,M,35,Yes,3,No,1023,Everrett,M,12,1
200104284,00:15:00,In-Person,FALSE,6,990,Hollenbeck,170,6686,5,888,TRESPASSING,501,BOMB THREAT,IC,Invest Cont,32711,Julia,F,55,Yes,Yes,1068507,Emilee,M,39,Yes,3,No,3262,Lucyle,F,11,1
200104285,02:00:00,In-Person,FALSE,3,336,Van Nuys,250,4149,9,624,BATTERY - SIMPLE ASSAULT,500,UNKNOWN WEAPON/OTHER WEAPON,IC,Invest Cont,28068,Kathryn,F,34,Yes,Yes,2159324,Paola,M,36,Yes,7,No,3245,Arretta,F,12,1
200104286,17:00:00,In-Person,FALSE,3,371,West LA,244,5500,9,330,BURGLARY FROM VEHICLE,302,BLUNT INSTRUMENT,IC,Invest Cont,98140,Lawrence,M,60,Yes,Yes,1843650,Maritza,M,40,Yes,3,No,3246,Bonnell,F,9,1
200104287,23:45:00,Phone,FALSE,3,336,Van Nuys,250,4149,9,624,BATTERY - SIMPLE ASSAULT,500,UNKNOWN WEAPON/OTHER WEAPON,IC,Invest Cont,80499,Olivia,F,41,Yes,Yes,1240041,Aisha,M,39,Yes,3,No,3246,Bonnell,F,9,1
200104289,23:15:00,Phone,FALSE,3,336,Van Nuys,250,4149,9,440,THEFT PLAIN - PETTY ($950 & UN,102,HAND GUN,IC,Invest Cont,41339,Judith,F,44,Yes,Yes,12924,Darcy,M,32,Yes,3,No,3246,Bonnell,F,9,1
200104291,19:00:00,Email,FALSE,4,425,Rampart,165,8500,5,210,ROBBERY,515,PHYSICAL PRESENCE,IC,Invest Cont,94085,Doris,F,4,Yes,Yes,203501,Chris,M,32,Yes,3,No,2036,Tasean,M,8,1
200104292,12:30:00,Email,FALSE,2,322,Southwest,168,7800,8,440,THEFT PLAIN - PETTY ($950 & UN,102,HAND GUN,IC,Invest Cont,23244,Jean,F,46,Yes,Yes,964840,Jimmie,M,37,Yes,3,No,1023,Everrett,M,12,1
200104293,22:00:00,Phone,FALSE,5,887,Newton,275,3409,12,420,THEFT FROM MOTOR VEHICLE - PET,506,FIRE,IC,Invest Cont,1871,Andrea,F,50,Yes,Yes,2298217,Brianne,M,36,Yes,3,No,4002,Lynnmarie,F,12,1
200104300,19:15:00,Phone,FALSE,3,336,Van Nuys,250,4149,9,740,VANDALISM - FELONY ($400 & OVE,200,KNIFE WITH BLADE 6INCHES OR LE,IC,Invest Cont,69672,Gerald,M,48,Yes,Yes,440792,Bettye,M,40,Yes,3,No,7010,Syann,F,9,1
200104302,01:00:00,In-Person,FALSE,3,336,Van Nuys,250,4149,9,440,THEFT PLAIN - PETTY ($950 & UN,102,HAND GUN,IC,Invest Cont,109630,Sean,M,37,Yes,Yes,215897,Jeri,M,33,Yes,7,No,2038,Veldon,M,11,1
200104303,16:30:00,In-Person,FALSE,3,371,West LA,244,5500,9,510,VEHICLE - STOLEN,207,OTHER KNIFE,IC,Invest Cont,33683,Joe,M,56,Yes,Yes,910272,Jan,M,39,Yes,3,No,1029,Keysean,M,9,1
200104310,10:10:00,In-Person,FALSE,4,425,Rampart,165,8500,5,624,BATTERY - SIMPLE ASSAULT,500,UNKNOWN WEAPON/OTHER WEAPON,IC,Invest Cont,106815,Keith,M,56,Yes,Yes,857021,Amie,M,37,Yes,3,No,2036,Tasean,M,8,1
200104313,14:30:00,Phone,FALSE,2,261,77th Street,150,8889,9,341,THEFT-GRAND ($950.01 & OVER)EX,208,RAZOR,IC,Invest Cont,26880,Sara,F,51,Yes,Yes,1980450,Michael,M,37,Yes,5,No,1023,Everrett,M,12,1
200104316,07:47:00,Phone,FALSE,4,425,Rampart,165,8500,5,930,CRIMINAL THREATS - NO WEAPON D,212,BOTTLE,IC,Invest Cont,54970,Hannah,F,42,Yes,Yes,123093,Cyrus,M,41,Yes,3,No,3261,Lorian,F,10,1
200104319,23:45:00,Phone,FALSE,4,425,Rampart,165,8500,5,623,BATTERY POLICE (SIMPLE),215,MACHETE,IC,Invest Cont,62016,Mildred,F,47,Yes,Yes,1628346,Emery,M,37,Yes,3,No,2036,Tasean,M,8,1
200104320,21:45:00,Phone,FALSE,2,322,Southwest,168,7800,8,330,BURGLARY FROM VEHICLE,302,BLUNT INSTRUMENT,IC,Invest Cont,69578,Willie,M,42,Yes,Yes,833474,Dale,M,30,Yes,4,No,4011,Nyiesha,F,9,1
200104321,18:40:00,In-Person,FALSE,3,336,Van Nuys,250,4149,9,330,BURGLARY FROM VEHICLE,302,BLUNT INSTRUMENT,IC,Invest Cont,52558,Lillian,F,50,Yes,Yes,1243373,Jami,M,40,Yes,3,No,1029,Keysean,M,9,1
200104323,01:00:00,Phone,FALSE,4,425,Rampart,165,8500,5,420,THEFT FROM MOTOR VEHICLE - PET,506,FIRE,IC,Invest Cont,38434,Roger,M,39,Yes,Yes,1128911,Duncan,M,39,Yes,1,No,3261,Lorian,F,10,1
200104325,00:30:00,Phone,FALSE,2,323,Northeast,255,4100,9,626,INTIMATE PARTNER - SIMPLE ASSA,109,SEMI-AUTOMATIC PISTOL,AA,Adult Arrest,70452,Jesse,M,42,Yes,Yes,2377212,Finn,M,35,Yes,3,No,1023,Everrett,M,12,1
200104326,19:45:00,Phone,FALSE,4,425,Rampart,165,8500,5,740,VANDALISM - FELONY ($400 & OVE,200,KNIFE WITH BLADE 6INCHES OR LE,AA,Adult Arrest,82110,Jacqueline,F,39,Yes,Yes,1399867,Latonya,M,30,Yes,3,No,3261,Lorian,F,10,1
200104327,21:30:00,In-Person,FALSE,4,425,Rampart,165,8500,5,210,ROBBERY,515,PHYSICAL PRESENCE,AA,Adult Arrest,65623,Ethan,M,52,Yes,Yes,1068668,Stacy,M,37,Yes,6,No,3261,Lorian,F,10,1
200104328,21:20:00,Phone,FALSE,3,336,Van Nuys,250,4149,9,350,"THEFT, PERSON",221,GLASS,IC,Invest Cont,24936,Terry,M,44,Yes,Yes,1482675,Tonia,M,35,Yes,7,No,3246,Bonnell,F,9,1
200104329,17:17:00,Phone,FALSE,4,425,Rampart,165,8500,5,421,THEFT FROM MOTOR VEHICLE - ATT,214,ICE PICK,IC,Invest Cont,66172,Christian,M,33,Yes,Yes,604141,Buddy,M,40,Yes,5,No,3261,Lorian,F,10,1
200104330,05:19:00,Phone,FALSE,2,323,Northeast,255,4100,9,888,TRESPASSING,501,BOMB THREAT,IC,Invest Cont,29502,Harry,M,30,Yes,Yes,1641429,Doug,M,34,Yes,3,No,1023,Everrett,M,12,1
200104331,23:30:00,In-Person,FALSE,4,425,Rampart,165,8500,5,624,BATTERY - SIMPLE ASSAULT,500,UNKNOWN WEAPON/OTHER WEAPON,IC,Invest Cont,1430,Teresa,F,55,Yes,Yes,1844947,Monte,M,37,Yes,3,No,2036,Tasean,M,8,1
200104333,01:45:00,Phone,FALSE,4,425,Rampart,165,8500,5,888,TRESPASSING,501,BOMB THREAT,IC,Invest Cont,13012,Austin,M,36,Yes,Yes,1155465,Loyd,M,40,Yes,3,No,3261,Lorian,F,10,1
200104336,20:30:00,In-Person,FALSE,3,371,West LA,244,5500,9,647,THROWING OBJECT AT MOVING VEHI,106,UNKNOWN FIREARM,IC,Invest Cont,76168,Ralph,M,4,Yes,Yes,1545915,Presley,M,40,Yes,3,No,3246,Bonnell,F,9,1
200104337,02:40:00,In-Person,FALSE,4,425,Rampart,165,8500,5,440,THEFT PLAIN - PETTY ($950 & UN,102,HAND GUN,IC,Invest Cont,50989,Janice,F,53,Yes,Yes,164572,Ila,M,34,Yes,3,No,3261,Lorian,F,10,1
200104339,20:45:00,In-Person,FALSE,7,1001,Hollywood,280,3200,8,745,VANDALISM - MISDEAMEANOR ($399,306,ROCK/THROWN OBJECT,IC,Invest Cont,110859,Roy,M,54,Yes,Yes,2055556,Bailey,M,34,Yes,7,No,3263,Lundon,F,9,1
200104340,20:30:00,Phone,FALSE,2,261,77th Street,150,8889,9,310,BURGLARY,113,SIMULATED GUN,IC,Invest Cont,96084,Theresa,F,48,Yes,Yes,1440655,Issac,M,40,Yes,3,No,1023,Everrett,M,12,1
200104351,01:00:00,In-Person,FALSE,4,425,Rampart,165,8500,5,330,BURGLARY FROM VEHICLE,302,BLUNT INSTRUMENT,IC,Invest Cont,95408,Amber,F,48,Yes,Yes,1709025,Burton,M,31,Yes,3,No,3261,Lorian,F,10,1
200104352,20:00:00,Phone,FALSE,4,425,Rampart,165,8500,5,420,THEFT FROM MOTOR VEHICLE - PET,506,FIRE,IC,Invest Cont,4862,Danielle,F,55,Yes,Yes,966010,Nikolas,M,35,Yes,4,No,3261,Lorian,F,10,1
200104360,07:55:00,Phone,FALSE,3,336,Van Nuys,250,4149,9,230,"ASSAULT WITH DEADLY WEAPON, AG",216,SCISSORS,AA,Adult Arrest,107541,Noah,M,57,Yes,Yes,2055454,Robbie,M,31,Yes,2,No,3246,Bonnell,F,9,1
200104369,09:30:00,Phone,FALSE,3,336,Van Nuys,250,4149,9,230,"ASSAULT WITH DEADLY WEAPON, AG",216,SCISSORS,IC,Invest Cont,36688,Jordan,M,55,Yes,Yes,426971,Jefferson,M,37,Yes,7,No,7010,Syann,F,9,1
200104372,06:00:00,Phone,FALSE,4,425,Rampart,165,8500,5,330,BURGLARY FROM VEHICLE,302,BLUNT INSTRUMENT,IC,Invest Cont,16878,Louis,M,55,Yes,Yes,1265947,Rae,M,33,Yes,3,No,3261,Lorian,F,10,1
200104377,20:00:00,In-Person,FALSE,2,261,77th Street,150,8889,9,624,BATTERY - SIMPLE ASSAULT,500,UNKNOWN WEAPON/OTHER WEAPON,IC,Invest Cont,95105,Brittany,F,59,Yes,Yes,400883,Teagan,M,34,Yes,3,No,4011,Nyiesha,F,9,1
200104379,13:10:00,In-Person,FALSE,3,336,Van Nuys,250,4149,9,624,BATTERY - SIMPLE ASSAULT,500,UNKNOWN WEAPON/OTHER WEAPON,IC,Invest Cont,10069,Bruce,M,41,Yes,Yes,568526,Abbie,M,30,Yes,2,No,1029,Keysean,M,9,1
200104381,13:05:00,Phone,FALSE,4,425,Rampart,165,8500,5,510,VEHICLE - STOLEN,207,OTHER KNIFE,IC,Invest Cont,9223,Madison,F,54,Yes,Yes,1234038,Lorie,M,33,Yes,2,No,2036,Tasean,M,8,1
200104382,12:30:00,In-Person,FALSE,2,261,77th Street,150,8889,9,910,KIDNAPPING,308,STICK,IC,Invest Cont,51958,Judy,F,4,Yes,Yes,1459681,Nia,M,34,Yes,3,No,1023,Everrett,M,12,1
200104385,14:50:00,Phone,FALSE,7,1001,Hollywood,280,3200,8,330,BURGLARY FROM VEHICLE,302,BLUNT INSTRUMENT,IC,Invest Cont,41976,Billy,M,46,Yes,Yes,967655,Rene,M,31,Yes,3,No,3256,Gracelin,F,11,1
200104389,12:30:00,Phone,FALSE,2,322,Southwest,168,7800,8,330,BURGLARY FROM VEHICLE,302,BLUNT INSTRUMENT,IC,Invest Cont,26925,Dylan,M,30,Yes,Yes,1950647,John,M,30,Yes,4,No,4011,Nyiesha,F,9,1
200104390,14:58:00,In-Person,FALSE,4,425,Rampart,165,8500,5,354,THEFT OF IDENTITY,513,STUN GUN,IC,Invest Cont,116648,Denise,F,35,Yes,Yes,212450,Cornelia,M,36,Yes,6,No,4112,Rashae,F,14,1
200104392,18:30:00,Phone,FALSE,2,322,Southwest,168,7800,8,480,BIKE - STOLEN,504,DEMAND NOTE,IC,Invest Cont,120175,Beverly,F,37,Yes,Yes,2333158,Marcy,M,39,Yes,3,No,4011,Nyiesha,F,9,1
200104393,13:30:00,In-Person,FALSE,4,425,Rampart,165,8500,5,624,BATTERY - SIMPLE ASSAULT,500,UNKNOWN WEAPON/OTHER WEAPON,IC,Invest Cont,40829,Eugene,M,35,Yes,Yes,958481,Bernadine,M,34,Yes,4,No,3261,Lorian,F,10,1
200104405,17:00:00,Phone,FALSE,4,425,Rampart,165,8500,5,331,THEFT FROM MOTOR VEHICLE - GRA,312,PIPE/METAL PIPE,IC,Invest Cont,107320,Diana,F,44,Yes,Yes,1500337,Rodger,M,31,Yes,3,No,2036,Tasean,M,8,1
200104406,13:00:00,Phone,FALSE,2,261,77th Street,150,8889,9,330,BURGLARY FROM VEHICLE,302,BLUNT INSTRUMENT,IC,Invest Cont,44290,Charlotte,F,42,Yes,Yes,1189276,Katy,M,41,Yes,3,No,4011,Nyiesha,F,9,1
200104408,22:00:00,In-Person,FALSE,1,223,West Valley,268,3950,8,624,BATTERY - SIMPLE ASSAULT,500,UNKNOWN WEAPON/OTHER WEAPON,IC,Invest Cont,78763,Natalie,F,46,Yes,Yes,489162,Devon,M,31,Yes,1,No,2039,Vikash,M,10,1
200104410,09:20:00,In-Person,FALSE,3,371,West LA,244,5500,9,662,"BUNCO, GRAND THEFT",512,MACE/PEPPER SPRAY,IC,Invest Cont,66142,Tiffany,F,42,Yes,Yes,313001,Zander,M,41,Yes,6,No,3246,Bonnell,F,9,1
200104411,23:00:00,In-Person,FALSE,2,261,77th Street,150,8889,9,510,VEHICLE - STOLEN,207,OTHER KNIFE,IC,Invest Cont,98206,Wayne,M,49,Yes,Yes,572956,Virgie,M,39,Yes,7,No,1023,Everrett,M,12,1
200105054,17:00:00,Phone,FALSE,7,1001,Hollywood,280,3200,8,420,THEFT FROM MOTOR VEHICLE - PET,506,FIRE,IC,Invest Cont,106005,Jenna,F,52,Yes,Yes,1898316,Zelma,M,40,No,0,Yes,3263,Lundon,F,9,1
200105055,18:45:00,In-Person,FALSE,2,261,77th Street,150,8889,9,220,ATTEMPTED ROBBERY,219,SCREWDRIVER,IC,Invest Cont,71579,Yvonne,F,56,Yes,No,444121,Millard,M,35,No,0,No,3249,Cledith,F,13,1
200105056,07:20:00,In-Person,FALSE,2,322,Southwest,168,7800,8,330,BURGLARY FROM VEHICLE,302,BLUNT INSTRUMENT,IC,Invest Cont,2812,Rosemary,F,35,Yes,No,468214,Pierce,M,39,No,0,No,3248,Ciel,F,11,1
200105057,23:50:00,In-Person,FALSE,3,371,West LA,244,5500,9,761,BRANDISH WEAPON,307,VEHICLE,IC,Invest Cont,22523,Landon,M,44,Yes,Yes,1215866,Coy,M,30,Yes,1,No,2038,Veldon,M,11,1
200105059,19:00:00,In-Person,FALSE,2,322,Southwest,168,7800,8,331,THEFT FROM MOTOR VEHICLE - GRA,312,PIPE/METAL PIPE,IC,Invest Cont,37452,Bill,M,58,Yes,Yes,2142536,Javon,M,34,Yes,5,Yes,3249,Cledith,F,13,1
200105060,02:00:00,Phone,FALSE,1,223,West Valley,268,3950,8,331,THEFT FROM MOTOR VEHICLE - GRA,312,PIPE/METAL PIPE,IC,Invest Cont,2501,Haley,F,57,Yes,No,1124675,Hal,M,33,No,0,No,1031,Kowen,M,13,1
200105062,14:34:00,Phone,FALSE,2,322,Southwest,168,7800,8,930,CRIMINAL THREATS - NO WEAPON D,212,BOTTLE,IC,Invest Cont,61035,Wyatt,M,5,Yes,No,439558,Libby,M,39,Yes,7,Yes,3249,Cledith,F,13,1
200105066,18:25:00,Phone,FALSE,7,1001,Hollywood,280,3200,8,624,BATTERY - SIMPLE ASSAULT,500,UNKNOWN WEAPON/OTHER WEAPON,IC,Invest Cont,37862,Micheal,M,60,Yes,No,177875,Ainsley,M,37,No,0,Yes,5100,Rheda,F,12,1
200105067,13:58:00,Phone,FALSE,1,223,West Valley,268,3950,8,442,SHOPLIFTING - PETTY THEFT ($95,400,"STRONG-ARM (HANDS, FIST, FEET ",IC,Invest Cont,2033,Agnes,F,46,Yes,No,1278541,Liana,M,34,No,0,Yes,4111,Rakayla,F,8,1
200105068,06:30:00,In-Person,FALSE,6,990,Hollenbeck,170,6686,5,210,ROBBERY,515,PHYSICAL PRESENCE,IC,Invest Cont,7737,Gina,F,56,Yes,Yes,7461,Gemma,M,30,No,0,Yes,1024,Izreal,M,9,1
200105069,22:00:00,Phone,FALSE,3,371,West LA,244,5500,9,330,BURGLARY FROM VEHICLE,302,BLUNT INSTRUMENT,IC,Invest Cont,76037,Minnie,F,34,Yes,No,244296,Ernie,M,33,No,0,Yes,2038,Veldon,M,11,1
200105073,12:30:00,Phone,FALSE,1,223,West Valley,268,3950,8,330,BURGLARY FROM VEHICLE,302,BLUNT INSTRUMENT,IC,Invest Cont,15185,Devin,M,49,Yes,No,1048913,Galen,M,32,No,0,No,4111,Rakayla,F,8,1
200105074,22:00:00,Phone,FALSE,7,1001,Hollywood,280,3200,8,330,BURGLARY FROM VEHICLE,302,BLUNT INSTRUMENT,IC,Invest Cont,105412,Georgia,F,49,Yes,Yes,1427406,Nona,M,31,No,0,Yes,3263,Lundon,F,9,1
200105075,03:15:00,Phone,FALSE,2,323,Northeast,255,4100,9,761,BRANDISH WEAPON,307,VEHICLE,IC,Invest Cont,113127,Stacey,F,56,Yes,No,1327228,Casandra,M,37,Yes,3,Yes,3249,Cledith,F,13,1
200105082,15:00:00,Phone,FALSE,1,223,West Valley,268,3950,8,510,VEHICLE - STOLEN,207,OTHER KNIFE,IC,Invest Cont,3423,Pearl,F,49,Yes,No,613353,Bart,M,37,No,0,No,4111,Rakayla,F,8,1
200105087,11:00:00,Phone,FALSE,7,1001,Hollywood,280,3200,8,442,SHOPLIFTING - PETTY THEFT ($95,400,"STRONG-ARM (HANDS, FIST, FEET ",IC,Invest Cont,34763,Vicki,F,53,Yes,No,2022732,Corina,M,39,Yes,1,No,3263,Lundon,F,9,1
200105088,15:20:00,Phone,FALSE,6,990,Hollenbeck,170,6686,5,860,BATTERY WITH SEXUAL CONTACT,201,KNIFE WITH BLADE OVER 6 INCHES,IC,Invest Cont,92088,Joann,F,5,Yes,No,10432,Damion,M,34,No,0,No,1024,Izreal,M,9,1
200105090,18:30:00,Phone,FALSE,7,1001,Hollywood,280,3200,8,330,BURGLARY FROM VEHICLE,302,BLUNT INSTRUMENT,IC,Invest Cont,13802,Max,M,37,Yes,Yes,1814568,Nehemiah,M,34,Yes,1,No,5555,Shaaron,F,13,1
200105092,14:45:00,Phone,FALSE,3,371,West LA,244,5500,9,220,ATTEMPTED ROBBERY,219,SCREWDRIVER,IC,Invest Cont,13767,Kelsey,F,42,Yes,No,2234214,Rickie,M,30,No,0,No,2035,Rue,M,12,1
200105094,09:00:00,Phone,FALSE,2,261,77th Street,150,8889,9,341,THEFT-GRAND ($950.01 & OVER)EX,208,RAZOR,IC,Invest Cont,87926,Lillie,F,56,Yes,Yes,1264134,Shelby,M,31,No,0,No,3249,Cledith,F,13,1
200105095,08:00:00,In-Person,FALSE,2,322,Southwest,168,7800,8,910,KIDNAPPING,308,STICK,IC,Invest Cont,6371,Levi,M,5,Yes,Yes,180319,Justice,M,35,No,0,No,3249,Cledith,F,13,1
200105097,15:15:00,Phone,FALSE,6,990,Hollenbeck,170,6686,5,860,BATTERY WITH SEXUAL CONTACT,201,KNIFE WITH BLADE OVER 6 INCHES,IC,Invest Cont,112611,Lily,F,31,Yes,Yes,1542120,Janna,M,34,No,0,No,1024,Izreal,M,9,1
200105099,11:15:00,In-Person,FALSE,3,371,West LA,244,5500,9,888,TRESPASSING,501,BOMB THREAT,IC,Invest Cont,80090,Floyd,M,54,Yes,No,2256672,Jax,M,41,Yes,1,No,2038,Veldon,M,11,1
200105200,23:00:00,Phone,FALSE,1,223,West Valley,268,3950,8,510,VEHICLE - STOLEN,207,OTHER KNIFE,IC,Invest Cont,39602,Jane,F,55,Yes,Yes,1828450,Denis,M,36,Yes,3,No,1031,Kowen,M,13,1
200117954,12:45:00,In-Person,FALSE,1,223,West Valley,268,3950,8,442,SHOPLIFTING - PETTY THEFT ($95,400,"STRONG-ARM (HANDS, FIST, FEET ",IC,Invest Cont,75829,Alma,F,48,Yes,Yes,2385316,Coleman,M,36,Yes,4,Yes,2033,Ray,M,14,1
200117988,20:00:00,Email,FALSE,6,990,Hollenbeck,170,6686,5,510,VEHICLE - STOLEN,207,OTHER KNIFE,IC,Invest Cont,28518,Andrew,M,30,Yes,Yes,1401622,Arielle,M,36,Yes,7,No,3259,Kla,F,8,1
200306227,18:00:00,In-Person,FALSE,3,371,West LA,244,5500,9,510,VEHICLE - STOLEN,207,OTHER KNIFE,IC,Invest Cont,83790,Diane,F,37,Yes,Yes,1671553,Colette,M,34,Yes,7,No,4004,Mirakle,F,9,1
200317571,10:40:00,Email,FALSE,7,1001,Hollywood,280,3200,8,210,ROBBERY,515,PHYSICAL PRESENCE,IC,Invest Cont,33423,Kyle,M,4,Yes,Yes,1365700,Garland,M,34,Yes,3,No,7100,Varnika,F,12,1
200400694,14:35:00,In-Person,FALSE,6,990,Hollenbeck,170,6686,5,230,"ASSAULT WITH DEADLY WEAPON, AG",216,SCISSORS,IC,Invest Cont,80066,Jeremy,M,44,Yes,Yes,1152661,Charley,M,33,Yes,6,No,3259,Kla,F,8,1
200405489,21:15:00,In-Person,FALSE,1,223,West Valley,268,3950,8,946,OTHER MISCELLANEOUS CRIME,204,FOLDING KNIFE,AO,Adult Other,60003,Gloria,F,48,Yes,Yes,1489935,Angelia,M,31,Yes,3,No,2042,Amilah,F,12,1
200407198,04:30:00,Phone,FALSE,6,990,Hollenbeck,170,6686,5,626,INTIMATE PARTNER - SIMPLE ASSA,109,SEMI-AUTOMATIC PISTOL,AO,Adult Other,43931,Ryan,M,35,Yes,Yes,2024549,Logan,M,37,Yes,2,No,1028,Keahi,M,14,1
200407318,03:15:00,Phone,FALSE,6,990,Hollenbeck,170,6686,5,740,VANDALISM - FELONY ($400 & OVE,200,KNIFE WITH BLADE 6INCHES OR LE,IC,Invest Cont,58621,Helen,F,38,Yes,Yes,1220639,Ryker,M,31,Yes,1,No,1028,Keahi,M,14,1
200506268,19:00:00,Email,FALSE,4,425,Rampart,165,8500,5,440,THEFT PLAIN - PETTY ($950 & UN,102,HAND GUN,IC,Invest Cont,94915,Daniel,M,46,Yes,Yes,1593583,Elvira,M,31,Yes,5,No,4112,Rashae,F,14,1
200608304,15:50:00,Phone,FALSE,3,336,Van Nuys,250,4149,9,624,BATTERY - SIMPLE ASSAULT,500,UNKNOWN WEAPON/OTHER WEAPON,IC,Invest Cont,82384,Cheryl,F,50,Yes,Yes,938550,Lenore,M,36,Yes,1,No,3246,Bonnell,F,9,1
200608399,17:00:00,Phone,FALSE,2,261,77th Street,150,8889,9,330,BURGLARY FROM VEHICLE,302,BLUNT INSTRUMENT,IC,Invest Cont,26402,Susan,F,31,Yes,Yes,1374751,Ed,M,33,Yes,1,No,2034,Royston,M,11,1
200610699,17:30:00,In-Person,FALSE,1,223,West Valley,268,3950,8,440,THEFT PLAIN - PETTY ($950 & UN,102,HAND GUN,IC,Invest Cont,119797,Christina,F,54,Yes,Yes,1690856,Waylon,M,40,Yes,6,No,2042,Amilah,F,12,1
200611450,18:00:00,In-Person,FALSE,4,425,Rampart,165,8500,5,510,VEHICLE - STOLEN,207,OTHER KNIFE,IC,Invest Cont,6111,Karen,F,34,Yes,Yes,660508,Rhoda,M,33,Yes,3,No,4005,Nabeeha,F,10,1
200614026,00:40:00,In-Person,FALSE,3,336,Van Nuys,250,4149,9,310,BURGLARY,113,SIMULATED GUN,AA,Adult Arrest,86242,Julie,F,41,Yes,Yes,100469,Lexi,M,39,Yes,1,No,3246,Bonnell,F,9,1
200709741,14:53:00,In-Person,FALSE,3,371,West LA,244,5500,9,624,BATTERY - SIMPLE ASSAULT,500,UNKNOWN WEAPON/OTHER WEAPON,IC,Invest Cont,47621,Katherine,F,1,Yes,Yes,1575444,Rowan,M,32,Yes,7,No,2035,Rue,M,12,1
200712903,20:15:00,In-Person,FALSE,5,893,Harbor,180,6500,10,626,INTIMATE PARTNER - SIMPLE ASSA,109,SEMI-AUTOMATIC PISTOL,AO,Adult Other,81140,Kenneth,M,36,Yes,Yes,175222,Selma,M,30,Yes,2,No,4003,Melah,F,10,1
200813946,14:30:00,In-Person,TRUE,6,990,Hollenbeck,170,6686,5,910,KIDNAPPING,308,STICK,IC,Invest Cont,104350,George,M,1,Yes,Yes,2274333,Emilie,M,30,Yes,6,No,3259,Kla,F,8,1
201007631,16:45:00,Email,TRUE,6,990,Hollenbeck,170,6686,5,761,BRANDISH WEAPON,307,VEHICLE,IC,Invest Cont,78358,Elizabeth,F,57,Yes,Yes,721270,Nell,M,32,Yes,2,No,1028,Keahi,M,14,1
201013217,01:00:00,Email,TRUE,6,990,Hollenbeck,170,6686,5,910,KIDNAPPING,308,STICK,IC,Invest Cont,60585,Mark,M,1,Yes,Yes,90440,Rosalind,M,33,Yes,3,No,1028,Keahi,M,14,1
201107660,09:10:00,Phone,FALSE,4,425,Rampart,165,8500,5,341,THEFT-GRAND ($950.01 & OVER)EX,208,RAZOR,IC,Invest Cont,106446,Peter,M,53,Yes,Yes,1574265,Jeannine,M,40,Yes,3,No,3223,Anayely,F,11,1
201107834,21:30:00,Email,FALSE,3,371,West LA,244,5500,9,910,KIDNAPPING,308,STICK,IC,Invest Cont,105828,Jason,M,1,Yes,Yes,2133458,Charlie,M,39,Yes,7,No,7010,Syann,F,9,1
201109834,12:30:00,Email,FALSE,5,893,Harbor,180,6500,10,888,TRESPASSING,501,BOMB THREAT,IC,Invest Cont,10126,Grace,F,47,Yes,Yes,699629,Jarrett,M,32,Yes,2,No,5245,Scotlynn,F,9,1
201113788,00:30:00,In-Person,FALSE,4,425,Rampart,165,8500,5,230,"ASSAULT WITH DEADLY WEAPON, AG",216,SCISSORS,IC,Invest Cont,113702,Marilyn,F,42,Yes,Yes,1543923,Cleveland,M,33,Yes,2,No,3223,Anayely,F,11,1
201213641,16:40:00,Email,FALSE,3,336,Van Nuys,250,4149,9,910,KIDNAPPING,308,STICK,IC,Invest Cont,63186,Lauren,F,4,Yes,Yes,1899725,Holden,M,33,Yes,1,No,2035,Rue,M,12,1
201214491,13:45:00,In-Person,FALSE,4,425,Rampart,165,8500,5,745,VANDALISM - MISDEAMEANOR ($399,306,ROCK/THROWN OBJECT,IC,Invest Cont,90483,Nancy,F,32,Yes,Yes,615354,Vance,M,40,Yes,3,No,4005,Nabeeha,F,10,1
201218195,02:00:00,In-Person,FALSE,6,990,Hollenbeck,170,6686,5,236,INTIMATE PARTNER - AGGRAVATED,205,KITCHEN KNIFE,AA,Adult Arrest,32169,Abigail,F,58,Yes,Yes,1552309,Viviana,M,33,Yes,3,No,3260,Loletha,F,14,1
201220752,12:30:00,In-Person,FALSE,3,336,Van Nuys,250,4149,9,745,VANDALISM - MISDEAMEANOR ($399,306,ROCK/THROWN OBJECT,IC,Invest Cont,64657,John,M,62,Yes,Yes,1099669,Imogene,M,25,Yes,2,No,2035,Rue,M,12,1
201308739,12:10:00,Email,FALSE,4,425,Rampart,165,8500,5,510,VEHICLE - STOLEN,207,OTHER KNIFE,IC,Invest Cont,75149,Sharon,F,34,Yes,Yes,528988,Conor,M,32,Yes,3,No,3223,Anayely,F,11,1
201311628,11:00:00,In-Person,FALSE,4,425,Rampart,165,8500,5,310,BURGLARY,113,SIMULATED GUN,IC,Invest Cont,81768,Eric,M,51,Yes,Yes,1073360,Audra,M,41,Yes,5,No,4005,Nabeeha,F,10,1
201312607,00:30:00,Email,FALSE,3,371,West LA,244,5500,9,510,VEHICLE - STOLEN,207,OTHER KNIFE,IC,Invest Cont,69516,Jeffrey,M,30,Yes,Yes,1255682,Timmy,M,40,Yes,3,No,7010,Syann,F,9,1
201408832,08:30:00,Phone,FALSE,3,336,Van Nuys,250,4149,9,341,THEFT-GRAND ($950.01 & OVER)EX,208,RAZOR,IC,Invest Cont,26223,Bryan,M,37,Yes,Yes,104582,Stefan,M,33,Yes,3,No,2035,Rue,M,12,1
201408837,03:15:00,In-Person,FALSE,3,336,Van Nuys,250,4149,9,420,THEFT FROM MOTOR VEHICLE - PET,506,FIRE,IC,Invest Cont,1996,Dorothy,F,32,Yes,Yes,1282059,Izabella,M,40,Yes,3,No,3246,Bonnell,F,9,1
201408997,00:48:00,Email,TRUE,4,425,Rampart,165,8500,5,623,BATTERY POLICE (SIMPLE),215,MACHETE,IC,Invest Cont,31929,Barbara,F,42,Yes,Yes,1289373,Kinsley,M,32,Yes,1,No,3223,Anayely,F,11,1
201411615,21:36:00,In-Person,FALSE,4,425,Rampart,165,8500,5,330,BURGLARY FROM VEHICLE,302,BLUNT INSTRUMENT,IC,Invest Cont,86356,Angela,F,33,Yes,Yes,2345490,Landen,M,36,Yes,3,No,2036,Tasean,M,8,1
201417336,19:00:00,Phone,FALSE,6,990,Hollenbeck,170,6686,5,440,THEFT PLAIN - PETTY ($950 & UN,102,HAND GUN,IC,Invest Cont,2563,Sebastian,M,52,Yes,Yes,693530,Samara,M,32,No,0,No,1028,Keahi,M,14,1
201506981,18:00:00,Email,FALSE,3,336,Van Nuys,250,4149,9,440,THEFT PLAIN - PETTY ($950 & UN,102,HAND GUN,IC,Invest Cont,82005,Stephanie,F,42,Yes,Yes,1549835,Ryan,M,34,Yes,3,No,1026,Jermale,M,9,1
201507932,04:20:00,In-Person,FALSE,3,371,West LA,244,5500,9,930,CRIMINAL THREATS - NO WEAPON D,212,BOTTLE,AA,Adult Arrest,23961,Joshua,M,41,Yes,Yes,2117547,Maximus,M,31,Yes,2,No,4004,Mirakle,F,9,1
201510569,01:00:00,Email,FALSE,3,336,Van Nuys,250,4149,9,310,BURGLARY,113,SIMULATED GUN,IC,Invest Cont,83236,Jerry,M,51,Yes,Yes,2027197,Jeanine,M,32,Yes,6,No,2035,Rue,M,12,1
