report_no,incident_time,complaint_type,cctv_flag,precinct_code,area_code,area_name,cctv_count,population_density,rounds_per_day,crime_code,crime_type,weapon_code,weapon_desc,case_status_code,case_status_desc,victim_code,victim_name,victim_sex,victim_age,was_victim_alone,is_victim_insured,offender_code,offender_name,offender_sex,offender_age,repeated_offender,no_of_offences,offender_relation,officer_code,officer_name,officer_sex,avg_close_days,week_number
200104414,19:00:00,Phone,FALSE,4,425,Rampart,165,8500,5,330,BURGLARY FROM VEHICLE,302,BLUNT INSTRUMENT,IC,Invest Cont,2991,Alan,M,35,Yes,Yes,2363716,Roscoe,M,31,Yes,1,No,3261,Lorian,F,10,2
200104416,19:30:00,In-Person,FALSE,3,336,Van Nuys,250,4149,9,930,CRIMINAL THREATS - NO WEAPON D,212,BOTTLE,IC,Invest Cont,12872,Crystal,F,54,Yes,Yes,1501143,Ladonna,M,33,Yes,3,No,3246,Bonnell,F,9,2
200104417,21:00:00,Phone,FALSE,3,336,Van Nuys,250,4149,9,236,INTIMATE PARTNER - AGGRAVATED,205,KITCHEN KNIFE,IC,Invest Cont,30137,Sophia,F,41,Yes,Yes,400817,Tobias,M,33,Yes,4,No,1029,Keysean,M,9,2
200104419,22:30:00,In-Person,FALSE,3,336,Van Nuys,250,4149,9,440,THEFT PLAIN - PETTY ($950 & UN,102,HAND GUN,IC,Invest Cont,50422,Irene,F,42,Yes,Yes,851610,Robbie,M,31,Yes,3,No,1029,Keysean,M,9,2
200104420,01:00:00,In-Person,FALSE,3,336,Van Nuys,250,4149,9,910,KIDNAPPING,308,STICK,IC,Invest Cont,32919,Juan,M,4,Yes,Yes,837972,Rosalyn,M,37,Yes,3,No,3246,Bonnell,F,9,2
200104422,18:00:00,Phone,FALSE,2,323,Northeast,255,4100,9,330,BURGLARY FROM VEHICLE,302,BLUNT INSTRUMENT,IC,Invest Cont,104653,Ruby,F,53,Yes,Yes,93024,Mauricio,M,30,Yes,3,No,1023,Everrett,M,12,2
200104429,19:00:00,In-Person,FALSE,3,371,West LA,244,5500,9,888,TRESPASSING,501,BOMB THREAT,IC,Invest Cont,119543,Philip,M,55,Yes,Yes,1516724,Jayden,M,40,Yes,3,No,3246,Bonnell,F,9,2
200104430,09:55:00,Phone,TRUE,4,425,Rampart,165,8500,5,910,KIDNAPPING,308,STICK,IC,Invest Cont,106497,Annie,F,4,Yes,Yes,928895,Ayla,M,41,Yes,1,No,3261,Lorian,F,10,2
200104431,19:00:00,Phone,FALSE,2,322,Southwest,168,7800,8,330,BURGLARY FROM VEHICLE,302,BLUNT INSTRUMENT,IC,Invest Cont,53400,Kayla,F,32,Yes,Yes,991421,Harriett,M,34,Yes,1,No,1023,Everrett,M,12,2
200104432,14:00:00,Phone,TRUE,4,425,Rampart,165,8500,5,440,THEFT PLAIN - PETTY ($950 & UN,102,HAND GUN,IC,Invest Cont,119981,Vincent,M,34,Yes,Yes,2276344,Christi,M,40,Yes,3,No,2036,Tasean,M,8,2
200104435,19:00:00,Phone,TRUE,3,336,Van Nuys,250,4149,9,330,BURGLARY FROM VEHICLE,302,BLUNT INSTRUMENT,IC,Invest Cont,48758,Howard,M,36,Yes,Yes,230873,Lacy,M,34,Yes,3,No,1029,Keysean,M,9,2
200104440,01:21:00,Phone,TRUE,2,323,Northeast,255,4100,9,330,BURGLARY FROM VEHICLE,302,BLUNT INSTRUMENT,IC,Invest Cont,97065,Alexis,F,53,Yes,Yes,1074540,Judah,M,40,Yes,2,No,4011,Nyiesha,F,9,2
200104443,20:30:00,In-Person,FALSE,4,425,Rampart,165,8500,5,330,BURGLARY FROM VEHICLE,302,BLUNT INSTRUMENT,IC,Invest Cont,40859,Erin,F,60,Yes,Yes,1948142,Kiera,M,41,Yes,1,No,2036,Tasean,M,8,2
200104444,01:00:00,Phone,TRUE,3,336,Van Nuys,250,4149,9,330,BURGLARY FROM VEHICLE,302,BLUNT INSTRUMENT,IC,Invest Cont,110686,Fred,M,36,Yes,Yes,287402,Malinda,M,39,Yes,5,No,3246,Bonnell,F,9,2
200104449,07:35:00,Phone,FALSE,3,336,Van Nuys,250,4149,9,624,BATTERY - SIMPLE ASSAULT,500,UNKNOWN WEAPON/OTHER WEAPON,IC,Invest Cont,99999,Logan,M,54,Yes,Yes,65378,Maddison,M,37,Yes,4,No,3246,Bonnell,F,9,2
200104450,09:05:00,In-Person,FALSE,4,425,Rampart,165,8500,5,740,VANDALISM - FELONY ($400 & OVE,200,KNIFE WITH BLADE 6INCHES OR LE,IC,Invest Cont,28881,Isabella,F,32,Yes,Yes,559590,Corrine,M,41,Yes,7,No,2036,Tasean,M,8,2
200104451,07:45:00,In-Person,FALSE,2,322,Southwest,168,7800,8,910,KIDNAPPING,308,STICK,IC,Invest Cont,13668,Tammy,F,4,Yes,Yes,58389,Madalyn,M,35,Yes,7,No,4011,Nyiesha,F,9,2
200104452,09:20:00,Phone,FALSE,2,322,Southwest,168,7800,8,624,BATTERY - SIMPLE ASSAULT,500,UNKNOWN WEAPON/OTHER WEAPON,IC,Invest Cont,16692,Louise,F,42,Yes,Yes,1499509,Emerson,M,37,Yes,3,No,1023,Everrett,M,12,2
200104455,04:00:00,In-Person,FALSE,6,990,Hollenbeck,170,6686,5,330,BURGLARY FROM VEHICLE,302,BLUNT INSTRUMENT,IC,Invest Cont,63684,Florence,F,50,Yes,Yes,1178451,Mara,M,37,Yes,3,No,2037,Traivon,M,12,2
200104456,13:00:00,Phone,TRUE,2,261,77th Street,150,8889,9,341,THEFT-GRAND ($950.01 & OVER)EX,208,RAZOR,IC,Invest Cont,48021,Randy,M,46,Yes,Yes,916931,Elnora,M,34,Yes,3,No,1023,Everrett,M,12,2
200104459,19:40:00,Phone,TRUE,2,322,Southwest,168,7800,8,330,BURGLARY FROM VEHICLE,302,BLUNT INSTRUMENT,IC,Invest Cont,11679,Bradley,M,50,Yes,Yes,2208196,Dorian,M,35,Yes,4,No,3247,Christon,F,14,2
200104462,17:58:00,Phone,FALSE,4,425,Rampart,165,8500,5,480,BIKE - STOLEN,504,DEMAND NOTE,IC,Invest Cont,14936,Kathy,F,31,Yes,Yes,66036,Susana,M,36,Yes,5,No,3261,Lorian,F,10,2
200104466,10:20:00,In-Person,FALSE,7,1001,Hollywood,280,3200,8,860,BATTERY WITH SEXUAL CONTACT,201,KNIFE WITH BLADE OVER 6 INCHES,IC,Invest Cont,122147,Lois,F,4,Yes,Yes,562937,Kaylie,M,33,Yes,3,No,5555,Shaaron,F,13,2
200104470,19:30:00,Phone,FALSE,2,323,Northeast,255,4100,9,440,THEFT PLAIN - PETTY ($950 & UN,102,HAND GUN,IC,Invest Cont,108450,Anne,F,30,Yes,Yes,259719,Erwin,M,40,Yes,3,No,4011,Nyiesha,F,9,2
200104473,12:00:00,In-Person,TRUE,3,336,Van Nuys,250,4149,9,331,THEFT FROM MOTOR VEHICLE - GRA,312,PIPE/METAL PIPE,IC,Invest Cont,44924,Bonnie,F,32,Yes,Yes,1336960,Brendon,M,37,Yes,3,No,1029,Keysean,M,9,2
200104474,18:30:00,In-Person,FALSE,4,425,Rampart,165,8500,5,888,TRESPASSING,501,BOMB THREAT,IC,Invest Cont,121683,Victor,M,59,Yes,Yes,1720878,Rhett,M,39,Yes,4,No,3261,Lorian,F,10,2
200104475,09:00:00,Phone,FALSE,3,336,Van Nuys,250,4149,9,740,VANDALISM - FELONY ($400 & OVE,200,KNIFE WITH BLADE 6INCHES OR LE,IC,Invest Cont,20696,Taylor,F,52,Yes,Yes,453846,Skye,M,39,Yes,3,No,3246,Bonnell,F,9,2
200104476,21:30:00,In-Person,TRUE,6,990,Hollenbeck,170,6686,5,330,BURGLARY FROM VEHICLE,302,BLUNT INSTRUMENT,IC,Invest Cont,37965,Travis,M,48,Yes,Yes,954695,Tabatha,M,31,Yes,1,No,2037,Traivon,M,12,2
200104477,15:00:00,Phone,TRUE,3,336,Van Nuys,250,4149,9,930,CRIMINAL THREATS - NO WEAPON D,212,BOTTLE,IC,Invest Cont,7139,Phyllis,F,35,Yes,Yes,1018230,Tanisha,M,32,Yes,3,No,1029,Keysean,M,9,2
200104488,04:30:00,Phone,FALSE,2,261,77th Street,150,8889,9,442,SHOPLIFTING - PETTY THEFT ($95,400,"STRONG-ARM (HANDS, FIST, FEET ",IC,Invest Cont,122577,Shawn,M,39,Yes,Yes,1678132,Elton,M,41,Yes,3,No,4011,Nyiesha,F,9,2
200104489,08:00:00,Phone,FALSE,4,425,Rampart,165,8500,5,624,BATTERY - SIMPLE ASSAULT,500,UNKNOWN WEAPON/OTHER WEAPON,IC,Invest Cont,85302,Phillip,M,37,Yes,Yes,1248152,Johnie,M,36,Yes,7,No,3261,Lorian,F,10,2
200104498,21:40:00,Phone,FALSE,3,371,West LA,244,5500,9,220,ATTEMPTED ROBBERY,219,SCREWDRIVER,IC,Invest Cont,79354,Shannon,F,4,Yes,Yes,1635567,Ruthie,M,33,Yes,1,No,1029,Keysean,M,9,2
200104499,19:00:00,In-Person,TRUE,2,322,Southwest,168,7800,8,330,BURGLARY FROM VEHICLE,302,BLUNT INSTRUMENT,IC,Invest Cont,13068,Martin,M,55,Yes,Yes,171366,Silvia,M,36,Yes,2,No,4011,Nyiesha,F,9,2
200104500,20:00:00,Phone,TRUE,6,990,Hollenbeck,170,6686,5,625,OTHER ASSAULT,104,SHOTGUN,IC,Invest Cont,33174,Johnny,M,38,Yes,Yes,356616,Elyse,M,39,Yes,3,No,2037,Traivon,M,12,2
200104501,03:15:00,Phone,TRUE,2,261,77th Street,150,8889,9,350,"THEFT, PERSON",221,GLASS,AA,Adult Arrest,33825,Craig,M,34,Yes,Yes,777661,Neva,M,41,Yes,7,No,1023,Everrett,M,12,2
200104503,01:17:00,Phone,FALSE,3,371,West LA,244,5500,9,755,BOMB SCARE,301,BELT FLAILING INSTRUMENT/CHAIN,IC,Invest Cont,12545,Allison,F,38,Yes,Yes,2168178,Nathanael,M,30,Yes,3,No,4004,Mirakle,F,9,2
200104505,19:17:00,In-Person,FALSE,4,425,Rampart,165,8500,5,442,SHOPLIFTING - PETTY THEFT ($95,400,"STRONG-ARM (HANDS, FIST, FEET ",IC,Invest Cont,13700,Bobby,M,42,Yes,Yes,621357,Noreen,M,36,Yes,4,No,3261,Lorian,F,10,2
200104507,03:00:00,Phone,FALSE,7,1001,Hollywood,280,3200,8,331,THEFT FROM MOTOR VEHICLE - GRA,312,PIPE/METAL PIPE,IC,Invest Cont,109499,Alyssa,F,60,Yes,Yes,2178817,Kamryn,M,31,Yes,7,No,5100,Rheda,F,12,2
200104511,04:00:00,In-Person,FALSE,7,1001,Hollywood,280,3200,8,236,INTIMATE PARTNER - AGGRAVATED,205,KITCHEN KNIFE,AA,Adult Arrest,103780,Ella,F,49,Yes,Yes,1007841,Sammie,M,33,Yes,4,No,5555,Shaaron,F,13,2
200104513,20:00:00,In-Person,TRUE,6,990,Hollenbeck,170,6686,5,510,VEHICLE - STOLEN,207,OTHER KNIFE,IC,Invest Cont,17841,Josephine,F,52,Yes,Yes,2064919,Marlin,M,31,Yes,6,No,3262,Lucyle,F,11,2
200104522,20:20:00,Phone,TRUE,6,990,Hollenbeck,170,6686,5,910,KIDNAPPING,308,STICK,IC,Invest Cont,15403,Ernest,M,4,Yes,Yes,1309603,Mavis,M,30,Yes,3,No,3262,Lucyle,F,11,2
200104524,01:00:00,Phone,TRUE,6,990,Hollenbeck,170,6686,5,624,BATTERY - SIMPLE ASSAULT,500,UNKNOWN WEAPON/OTHER WEAPON,IC,Invest Cont,37612,Stanley,M,37,Yes,Yes,1868653,Keaton,M,32,Yes,3,No,2037,Traivon,M,12,2
200104526,15:00:00,Phone,TRUE,2,261,77th Street,150,8889,9,624,BATTERY - SIMPLE ASSAULT,500,UNKNOWN WEAPON/OTHER WEAPON,IC,Invest Cont,87012,Cody,M,4,Yes,Yes,839668,Titus,M,32,Yes,3,No,1023,Everrett,M,12,2
200104527,10:00:00,Phone,TRUE,6,990,Hollenbeck,170,6686,5,440,THEFT PLAIN - PETTY ($950 & UN,102,HAND GUN,IC,Invest Cont,31401,Clarence,M,50,Yes,Yes,974208,Karissa,M,33,Yes,4,No,2037,Traivon,M,12,2
200104534,09:50:00,In-Person,TRUE,2,261,77th Street,150,8889,9,624,BATTERY - SIMPLE ASSAULT,500,UNKNOWN WEAPON/OTHER WEAPON,IC,Invest Cont,53688,Elijah,M,48,Yes,Yes,168991,Cadence,M,32,Yes,3,No,1023,Everrett,M,12,2
200104545,05:10:00,Phone,FALSE,2,323,Northeast,255,4100,9,341,THEFT-GRAND ($950.01 & OVER)EX,208,RAZOR,IC,Invest Cont,57014,Leonard,M,36,Yes,Yes,319817,Christian,M,30,Yes,2,No,1023,Everrett,M,12,2
200104547,17:53:00,Phone,FALSE,3,336,Van Nuys,250,4149,9,341,THEFT-GRAND ($950.01 & OVER)EX,208,RAZOR,IC,Invest Cont,80047,Carlos,M,53,Yes,Yes,1014118,Lauryn,M,30,Yes,1,No,3246,Bonnell,F,9,2
200104548,17:30:00,Phone,TRUE,1,223,West Valley,268,3950,8,440,THEFT PLAIN - PETTY ($950 & UN,102,HAND GUN,IC,Invest Cont,111228,Dawn,F,49,Yes,Yes,1033265,Elinor,M,35,Yes,6,No,4111,Rakayla,F,8,2
200104549,01:00:00,Phone,FALSE,1,223,West Valley,268,3950,8,440,THEFT PLAIN - PETTY ($950 & UN,102,HAND GUN,IC,Invest Cont,16115,Robin,F,36,Yes,Yes,328632,Noemi,M,40,Yes,6,No,4111,Rakayla,F,8,2
200104550,08:45:00,In-Person,TRUE,2,322,Southwest,168,7800,8,740,VANDALISM - FELONY ($400 & OVE,200,KNIFE WITH BLADE 6INCHES OR LE,IC,Invest Cont,29215,Edna,F,48,Yes,Yes,1896162,Raphael,M,30,Yes,3,No,1023,Everrett,M,12,2
200104551,13:00:00,In-Person,FALSE,3,371,West LA,244,5500,9,761,BRANDISH WEAPON,307,VEHICLE,IC,Invest Cont,118391,Cameron,M,36,Yes,Yes,1644249,Vaughn,M,39,Yes,1,No,1029,Keysean,M,9,2
200104556,02:00:00,Phone,FALSE,1,223,West Valley,268,3950,8,440,THEFT PLAIN - PETTY ($950 & UN,102,HAND GUN,IC,Invest Cont,22720,Caleb,M,39,Yes,Yes,872957,Leonel,M,35,Yes,2,No,4111,Rakayla,F,8,2
200104558,08:20:00,Phone,FALSE,6,990,Hollenbeck,170,6686,5,626,INTIMATE PARTNER - SIMPLE ASSA,109,SEMI-AUTOMATIC PISTOL,IC,Invest Cont,13967,Eleanor,F,57,Yes,Yes,1102479,Kurtis,M,32,Yes,1,No,2037,Traivon,M,12,2
200104573,05:40:00,Phone,FALSE,6,990,Hollenbeck,170,6686,5,330,BURGLARY FROM VEHICLE,302,BLUNT INSTRUMENT,IC,Invest Cont,57998,Isaac,M,32,Yes,Yes,1467585,Nova,M,36,Yes,3,No,3262,Lucyle,F,11,2
200104576,16:00:00,In-Person,FALSE,6,990,Hollenbeck,170,6686,5,440,THEFT PLAIN - PETTY ($950 & UN,102,HAND GUN,IC,Invest Cont,123247,Todd,M,38,Yes,Yes,2380769,Jase,M,36,Yes,1,No,2037,Traivon,M,12,2
200104577,19:00:00,In-Person,FALSE,2,323,Northeast,255,4100,9,510,VEHICLE - STOLEN,207,OTHER KNIFE,IC,Invest Cont,100775,Jamie,F,33,Yes,Yes,1048605,Yasmin,M,33,Yes,3,No,4011,Nyiesha,F,9,2
200104578,23:50:00,In-Person,TRUE,3,336,Van Nuys,250,4149,9,888,TRESPASSING,501,BOMB THREAT,IC,Invest Cont,69879,Earl,M,39,Yes,Yes,265258,Tatum,M,40,Yes,2,No,3246,Bonnell,F,9,2
200104579,19:20:00,Phone,FALSE,1,223,West Valley,268,3950,8,310,BURGLARY,113,SIMULATED GUN,IC,Invest Cont,59278,Francis,M,52,Yes,Yes,653448,Kristian,M,36,Yes,3,No,4111,Rakayla,F,8,2
200104580,16:30:00,In-Person,TRUE,6,990,Hollenbeck,170,6686,5,480,BIKE - STOLEN,504,DEMAND NOTE,IC,Invest Cont,97853,Jimmy,M,37,Yes,Yes,534312,Barrett,M,30,Yes,3,No,2037,Traivon,M,12,2
200104582,08:00:00,Phone,FALSE,3,336,Van Nuys,250,4149,9,910,KIDNAPPING,308,STICK,IC,Invest Cont,11101,Mason,M,4,Yes,Yes,757706,Elwood,M,36,Yes,3,No,1029,Keysean,M,9,2
200104584,01:00:00,In-Person,TRUE,3,371,West LA,244,5500,9,662,"BUNCO, GRAND THEFT",512,MACE/PEPPER SPRAY,IC,Invest Cont,102948,Audrey,F,50,Yes,Yes,1784735,Elvin,M,34,Yes,6,No,3246,Bonnell,F,9,2
200104586,16:10:00,Phone,FALSE,1,223,West Valley,268,3950,8,440,THEFT PLAIN - PETTY ($950 & UN,102,HAND GUN,IC,Invest Cont,38829,Rita,F,38,Yes,Yes,1130234,Norbert,M,35,Yes,3,No,4111,Rakayla,F,8,2
200104588,01:00:00,Phone,FALSE,2,261,77th Street,150,8889,9,440,THEFT PLAIN - PETTY ($950 & UN,102,HAND GUN,IC,Invest Cont,11905,Luke,M,54,Yes,Yes,2278426,Dorthy,M,39,Yes,3,No,1023,Everrett,M,12,2
200104590,17:50:00,Phone,TRUE,6,990,Hollenbeck,170,6686,5,442,SHOPLIFTING - PETTY THEFT ($95,400,"STRONG-ARM (HANDS, FIST, FEET ",IC,Invest Cont,34598,Dale,M,42,Yes,Yes,715923,Gale,M,30,Yes,4,No,3262,Lucyle,F,11,2
200104594,21:45:00,Phone,TRUE,3,336,Van Nuys,250,4149,9,624,BATTERY - SIMPLE ASSAULT,500,UNKNOWN WEAPON/OTHER WEAPON,IC,Invest Cont,43461,Alex,M,52,Yes,Yes,880915,Lia,M,36,Yes,3,No,1029,Keysean,M,9,2
200104598,22:00:00,Phone,TRUE,6,990,Hollenbeck,170,6686,5,745,VANDALISM - MISDEAMEANOR ($399,306,ROCK/THROWN OBJECT,IC,Invest Cont,21174,Paula,F,41,Yes,Yes,564128,Reynaldo,M,34,Yes,3,No,3262,Lucyle,F,11,2
200104603,07:00:00,Phone,TRUE,1,223,West Valley,268,3950,8,480,BIKE - STOLEN,504,DEMAND NOTE,AA,Adult Arrest,12605,Clara,F,44,Yes,Yes,969204,Nelda,M,40,Yes,2,No,4111,Rakayla,F,8,2
200104606,00:30:00,In-Person,FALSE,3,371,West LA,244,5500,9,910,KIDNAPPING,308,STICK,IC,Invest Cont,22627,Wanda,F,15,Yes,Yes,1313871,Phil,M,37,Yes,3,No,3246,Bonnell,F,9,2
200104609,15:55:00,Phone,TRUE,6,990,Hollenbeck,170,6686,5,220,ATTEMPTED ROBBERY,219,SCREWDRIVER,IC,Invest Cont,55270,Joel,M,5,Yes,Yes,224019,Ashton,M,41,Yes,3,No,3259,Kla,F,8,2
200104610,17:30:00,In-Person,FALSE,1,223,West Valley,268,3950,8,510,VEHICLE - STOLEN,207,OTHER KNIFE,IC,Invest Cont,16406,Tina,F,42,Yes,Yes,2246656,Tristen,M,37,Yes,1,No,4111,Rakayla,F,8,2
200104613,08:00:00,In-Person,TRUE,3,371,West LA,244,5500,9,330,BURGLARY FROM VEHICLE,302,BLUNT INSTRUMENT,IC,Invest Cont,69255,Evan,M,44,Yes,Yes,1893402,Dolly,M,36,Yes,3,No,2035,Rue,M,12,2
200104616,19:30:00,Phone,TRUE,6,990,Hollenbeck,170,6686,5,330,BURGLARY FROM VEHICLE,302,BLUNT INSTRUMENT,IC,Invest Cont,77255,Norma,F,52,Yes,Yes,1136804,Romeo,M,33,Yes,3,No,3262,Lucyle,F,11,2
200104617,14:15:00,Phone,TRUE,6,990,Hollenbeck,170,6686,5,330,BURGLARY FROM VEHICLE,302,BLUNT INSTRUMENT,IC,Invest Cont,122137,Luis,M,57,Yes,Yes,334572,Louisa,M,37,Yes,3,No,3262,Lucyle,F,11,2
200104619,13:00:00,In-Person,FALSE,2,261,77th Street,150,8889,9,341,THEFT-GRAND ($950.01 & OVER)EX,208,RAZOR,IC,Invest Cont,97852,Courtney,F,53,Yes,Yes,899217,Aden,M,33,Yes,3,No,1023,Everrett,M,12,2
200104657,10:15:00,In-Person,FALSE,1,223,West Valley,268,3950,8,624,BATTERY - SIMPLE ASSAULT,500,UNKNOWN WEAPON/OTHER WEAPON,IC,Invest Cont,63240,Ethel,F,5,Yes,Yes,1514806,Terrie,M,35,Yes,6,No,4111,Rakayla,F,8,2
200104658,09:30:00,In-Person,FALSE,1,223,West Valley,268,3950,8,946,OTHER MISCELLANEOUS CRIME,204,FOLDING KNIFE,IC,Invest Cont,66334,Nathaniel,M,55,Yes,Yes,1288202,Latisha,M,36,Yes,6,No,4444,Miciah,F,8,2
200104660,23:30:00,Phone,TRUE,6,990,Hollenbeck,170,6686,5,740,VANDALISM - FELONY ($400 & OVE,200,KNIFE WITH BLADE 6INCHES OR LE,IC,Invest Cont,108970,Wendy,F,58,Yes,Yes,2292692,Catalina,M,36,Yes,1,No,3262,Lucyle,F,11,2
200104663,15:39:00,Phone,TRUE,1,223,West Valley,268,3950,8,442,SHOPLIFTING - PETTY THEFT ($95,400,"STRONG-ARM (HANDS, FIST, FEET ",IC,Invest Cont,121724,Ellen,F,38,Yes,Yes,1745120,Perla,M,35,Yes,6,No,4111,Rakayla,F,8,2
200104664,19:00:00,Phone,FALSE,3,336,Van Nuys,250,4149,9,236,INTIMATE PARTNER - AGGRAVATED,205,KITCHEN KNIFE,AA,Adult Arrest,114274,Leslie,F,59,Yes,Yes,1428551,Derick,M,35,Yes,6,No,3246,Bonnell,F,9,2
200104670,21:00:00,Phone,FALSE,6,990,Hollenbeck,170,6686,5,330,BURGLARY FROM VEHICLE,302,BLUNT INSTRUMENT,IC,Invest Cont,82377,Marjorie,F,59,Yes,Yes,1535000,Mikaela,M,31,Yes,6,No,3262,Lucyle,F,11,2
200104673,10:00:00,Phone,FALSE,3,336,Van Nuys,250,4149,9,341,THEFT-GRAND ($950.01 & OVER)EX,208,RAZOR,IC,Invest Cont,91864,Vanessa,F,46,Yes,Yes,1197181,Adalyn,M,32,Yes,5,No,1029,Keysean,M,9,2
200104674,21:30:00,In-Person,FALSE,6,990,Hollenbeck,170,6686,5,236,INTIMATE PARTNER - AGGRAVATED,205,KITCHEN KNIFE,AA,Adult Arrest,112246,Allen,M,38,Yes,Yes,1565976,Maura,M,31,Yes,6,No,3262,Lucyle,F,11,2
200104682,16:50:00,Phone,TRUE,3,371,West LA,244,5500,9,440,THEFT PLAIN - PETTY ($950 & UN,102,HAND GUN,IC,Invest Cont,534,Valerie,F,36,Yes,Yes,2185143,Precious,M,37,Yes,6,No,3246,Bonnell,F,9,2
200104683,14:45:00,Phone,TRUE,3,336,Van Nuys,250,4149,9,440,THEFT PLAIN - PETTY ($950 & UN,102,HAND GUN,IC,Invest Cont,9069,Carrie,F,31,Yes,Yes,1814348,Alessandra,M,33,Yes,4,No,1029,Keysean,M,9,2
200104690,14:00:00,Phone,FALSE,2,322,Southwest,168,7800,8,331,THEFT FROM MOTOR VEHICLE - GRA,312,PIPE/METAL PIPE,IC,Invest Cont,82003,Ava,F,55,Yes,Yes,2269985,Nathalie,M,41,Yes,6,No,1023,Everrett,M,12,2
200104691,19:00:00,Phone,FALSE,3,371,West LA,244,5500,9,350,"THEFT, PERSON",221,GLASS,IC,Invest Cont,28974,Eva,F,56,Yes,Yes,711242,Carmella,M,31,Yes,6,No,3246,Bonnell,F,9,2
200104696,08:55:00,Phone,TRUE,6,990,Hollenbeck,170,6686,5,624,BATTERY - SIMPLE ASSAULT,500,UNKNOWN WEAPON/OTHER WEAPON,IC,Invest Cont,103350,Frederick,M,32,Yes,Yes,126106,Susanna,M,41,Yes,4,No,3262,Lucyle,F,11,2
200104697,18:30:00,Phone,FALSE,3,371,West LA,244,5500,9,330,BURGLARY FROM VEHICLE,302,BLUNT INSTRUMENT,IC,Invest Cont,3913,Curtis,M,47,Yes,Yes,676626,Melisa,M,39,Yes,1,No,1029,Keysean,M,9,2
200104700,18:45:00,Phone,FALSE,1,223,West Valley,268,3950,8,330,BURGLARY FROM VEHICLE,302,BLUNT INSTRUMENT,IC,Invest Cont,27809,Edith,F,35,Yes,Yes,683947,Baylee,M,31,Yes,6,No,4111,Rakayla,F,8,2
200104702,04:35:00,Phone,FALSE,2,261,77th Street,150,8889,9,745,VANDALISM - MISDEAMEANOR ($399,306,ROCK/THROWN OBJECT,IC,Invest Cont,66103,Connie,F,42,Yes,Yes,293387,Vicente,M,31,Yes,6,No,1023,Everrett,M,12,2
200104703,14:00:00,In-Person,TRUE,1,223,West Valley,268,3950,8,330,BURGLARY FROM VEHICLE,302,BLUNT INSTRUMENT,IC,Invest Cont,83414,Lucas,M,56,Yes,Yes,1170582,Aron,M,37,Yes,1,No,4111,Rakayla,F,8,2
200104704,21:00:00,Phone,TRUE,1,223,West Valley,268,3950,8,330,BURGLARY FROM VEHICLE,302,BLUNT INSTRUMENT,IC,Invest Cont,39187,Gladys,F,60,Yes,Yes,1845741,Sybil,M,31,Yes,6,No,4111,Rakayla,F,8,2
200104706,14:40:00,Phone,TRUE,6,990,Hollenbeck,170,6686,5,624,BATTERY - SIMPLE ASSAULT,500,UNKNOWN WEAPON/OTHER WEAPON,IC,Invest Cont,8086,Cindy,F,55,Yes,Yes,739039,Paxton,M,40,Yes,6,No,2037,Traivon,M,12,2
200104708,14:30:00,In-Person,TRUE,3,371,West LA,244,5500,9,624,BATTERY - SIMPLE ASSAULT,500,UNKNOWN WEAPON/OTHER WEAPON,IC,Invest Cont,13258,Tracy,F,33,Yes,Yes,1250061,Cash,M,40,Yes,4,No,3246,Bonnell,F,9,2
200104711,22:00:00,In-Person,FALSE,6,990,Hollenbeck,170,6686,5,815,SEXUAL PENETRATION W/FOREIGN O,110,SEMI-AUTOMATIC RIFLE,IC,Invest Cont,56276,Monica,F,59,Yes,Yes,2121496,Jayda,M,35,Yes,6,No,2037,Traivon,M,12,2
200104713,11:00:00,Phone,FALSE,1,223,West Valley,268,3950,8,900,VIOLATION OF COURT ORDER,223,UNKNOWN TYPE CUTTING INSTRUMEN,IC,Invest Cont,51140,Norman,M,49,Yes,Yes,1036343,Danna,M,41,Yes,2,No,4111,Rakayla,F,8,2
200104715,10:45:00,Phone,TRUE,3,336,Van Nuys,250,4149,9,510,VEHICLE - STOLEN,207,OTHER KNIFE,IC,Invest Cont,117296,Esther,F,55,Yes,Yes,1842409,Kelsie,M,32,Yes,6,No,7010,Syann,F,9,2
200104717,11:30:00,In-Person,TRUE,4,425,Rampart,165,8500,5,330,BURGLARY FROM VEHICLE,302,BLUNT INSTRUMENT,IC,Invest Cont,4723,Melanie,F,51,Yes,Yes,2319430,Kassidy,M,40,Yes,1,No,4005,Nabeeha,F,10,2
200104718,13:15:00,Phone,TRUE,3,371,West LA,244,5500,9,624,BATTERY - SIMPLE ASSAULT,500,UNKNOWN WEAPON/OTHER WEAPON,IC,Invest Cont,32093,Brianna,F,58,Yes,Yes,1868152,Esperanza,M,30,Yes,5,No,1029,Keysean,M,9,2
200104719,12:00:00,In-Person,FALSE,6,990,Hollenbeck,170,6686,5,341,THEFT-GRAND ($950.01 & OVER)EX,208,RAZOR,IC,Invest Cont,9522,Antonio,M,60,Yes,Yes,468012,Sage,M,39,Yes,6,No,2037,Traivon,M,12,2
200104721,07:00:00,Phone,TRUE,6,990,Hollenbeck,170,6686,5,510,VEHICLE - STOLEN,207,OTHER KNIFE,IC,Invest Cont,61619,Jasmine,F,30,Yes,Yes,50273,Emely,M,30,Yes,6,No,3260,Loletha,F,14,2
200104726,13:30:00,Phone,FALSE,3,371,West LA,244,5500,9,310,BURGLARY,113,SIMULATED GUN,AA,Adult Arrest,43994,Katie,F,60,Yes,Yes,1049743,Hollie,M,32,Yes,3,No,1029,Keysean,M,9,2
200104727,10:30:00,Phone,TRUE,1,223,West Valley,268,3950,8,624,BATTERY - SIMPLE ASSAULT,500,UNKNOWN WEAPON/OTHER WEAPON,IC,Invest Cont,46590,Tony,M,34,Yes,Yes,10192,Dollie,M,37,Yes,5,No,4111,Rakayla,F,8,2
200104734,21:00:00,In-Person,TRUE,1,223,West Valley,268,3950,8,510,VEHICLE - STOLEN,207,OTHER KNIFE,IC,Invest Cont,57688,Glenn,M,52,Yes,Yes,1348646,Macie,M,41,Yes,6,No,4111,Rakayla,F,8,2
200104735,21:00:00,Phone,TRUE,6,990,Hollenbeck,170,6686,5,220,ATTEMPTED ROBBERY,219,SCREWDRIVER,AA,Adult Arrest,68656,Marvin,M,37,Yes,Yes,1195738,Georgina,M,41,Yes,6,No,1024,Izreal,M,9,2
200104736,00:10:00,In-Person,TRUE,6,990,Hollenbeck,170,6686,5,626,INTIMATE PARTNER - SIMPLE ASSA,109,SEMI-AUTOMATIC PISTOL,IC,Invest Cont,117200,April,F,39,Yes,Yes,1480787,Brenton,M,39,Yes,6,No,2037,Traivon,M,12,2
200104737,00:40:00,In-Person,TRUE,3,336,Van Nuys,250,4149,9,230,"ASSAULT WITH DEADLY WEAPON, AG",216,SCISSORS,IC,Invest Cont,21281,Derek,M,49,Yes,Yes,939147,Scotty,M,40,Yes,6,No,1029,Keysean,M,9,2
200104738,00:40:00,In-Person,FALSE,2,261,77th Street,150,8889,9,230,"ASSAULT WITH DEADLY WEAPON, AG",216,SCISSORS,IC,Invest Cont,18580,Erica,F,35,Yes,Yes,283655,Gus,M,34,Yes,6,No,3247,Christon,F,14,2
200104739,23:35:00,In-Person,TRUE,2,322,Southwest,168,7800,8,624,BATTERY - SIMPLE ASSAULT,500,UNKNOWN WEAPON/OTHER WEAPON,IC,Invest Cont,17526,Ian,M,39,Yes,Yes,1722947,Bryanna,M,33,Yes,6,No,2034,Royston,M,11,2
200104740,21:00:00,In-Person,TRUE,6,990,Hollenbeck,170,6686,5,230,"ASSAULT WITH DEADLY WEAPON, AG",216,SCISSORS,IC,Invest Cont,13508,Adrian,M,35,Yes,Yes,1933911,Dona,M,35,Yes,2,No,1024,Izreal,M,9,2
200104741,10:00:00,In-Person,TRUE,6,990,Hollenbeck,170,6686,5,330,BURGLARY FROM VEHICLE,302,BLUNT INSTRUMENT,IC,Invest Cont,76341,Theodore,M,48,Yes,Yes,366004,Zayden,M,35,Yes,5,No,3262,Lucyle,F,11,2
200104742,22:58:00,Phone,TRUE,6,990,Hollenbeck,170,6686,5,740,VANDALISM - FELONY ($400 & OVE,200,KNIFE WITH BLADE 6INCHES OR LE,IC,Invest Cont,114870,Alexandra,F,49,Yes,Yes,196603,Marcel,M,33,Yes,2,No,1024,Izreal,M,9,2
200104743,14:00:00,Phone,TRUE,6,990,Hollenbeck,170,6686,5,341,THEFT-GRAND ($950.01 & OVER)EX,208,RAZOR,IC,Invest Cont,9976,Marcus,M,54,Yes,Yes,1232013,Annika,M,39,Yes,1,No,2037,Traivon,M,12,2
200104744,02:20:00,Phone,FALSE,2,261,77th Street,150,8889,9,320,"BURGLARY, ATTEMPTED",114,AIR PISTOL/REVOLVER/RIFLE/BB G,IC,Invest Cont,17304,Alfred,M,59,Yes,Yes,1173250,Nyla,M,39,Yes,3,No,3247,Christon,F,14,2
200104745,23:45:00,In-Person,TRUE,2,323,Northeast,255,4100,9,740,VANDALISM - FELONY ($400 & OVE,200,KNIFE WITH BLADE 6INCHES OR LE,AA,Adult Arrest,86544,Jackson,M,30,Yes,Yes,1451827,Annmarie,M,41,Yes,6,No,3247,Christon,F,14,2
200104749,20:00:00,In-Person,TRUE,2,322,Southwest,168,7800,8,440,THEFT PLAIN - PETTY ($950 & UN,102,HAND GUN,IC,Invest Cont,59035,Edwin,M,56,Yes,Yes,1042463,Kiley,M,40,Yes,6,No,3247,Christon,F,14,2
200104750,07:20:00,Phone,FALSE,3,336,Van Nuys,250,4149,9,740,VANDALISM - FELONY ($400 & OVE,200,KNIFE WITH BLADE 6INCHES OR LE,IC,Invest Cont,61487,Melvin,M,50,Yes,Yes,884298,Pierre,M,33,Yes,6,No,3246,Bonnell,F,9,2
200104752,10:45:00,Phone,FALSE,2,261,77th Street,150,8889,9,440,THEFT PLAIN - PETTY ($950 & UN,102,HAND GUN,IC,Invest Cont,29421,Sylvia,F,46,Yes,Yes,1399487,Dion,M,33,Yes,6,No,3247,Christon,F,14,2
200104754,10:15:00,Phone,FALSE,6,990,Hollenbeck,170,6686,5,624,BATTERY - SIMPLE ASSAULT,500,UNKNOWN WEAPON/OTHER WEAPON,IC,Invest Cont,2750,Hazel,F,31,Yes,Yes,1127580,Adalynn,M,35,Yes,6,No,3262,Lucyle,F,11,2
200104755,09:54:00,Phone,FALSE,2,261,77th Street,150,8889,9,624,BATTERY - SIMPLE ASSAULT,500,UNKNOWN WEAPON/OTHER WEAPON,IC,Invest Cont,12089,Sheila,F,49,Yes,Yes,1541076,Valarie,M,36,Yes,6,No,3247,Christon,F,14,2
200104759,12:00:00,Phone,FALSE,1,223,West Valley,268,3950,8,910,KIDNAPPING,308,STICK,IC,Invest Cont,3124,Alicia,F,5,Yes,Yes,826751,Claudette,M,32,Yes,6,No,4111,Rakayla,F,8,2
200104761,19:00:00,Phone,TRUE,2,261,77th Street,150,8889,9,330,BURGLARY FROM VEHICLE,302,BLUNT INSTRUMENT,IC,Invest Cont,4823,Steve,M,32,Yes,Yes,101162,Ashley,M,36,Yes,6,No,3247,Christon,F,14,2
200104762,02:00:00,Phone,TRUE,3,371,West LA,244,5500,9,330,BURGLARY FROM VEHICLE,302,BLUNT INSTRUMENT,IC,Invest Cont,82589,Leah,F,46,Yes,Yes,1513830,Ariel,M,41,Yes,6,No,1029,Keysean,M,9,2
200104763,04:00:00,Phone,TRUE,6,990,Hollenbeck,170,6686,5,510,VEHICLE - STOLEN,207,OTHER KNIFE,IC,Invest Cont,118490,Hunter,M,57,Yes,Yes,33282,Katlyn,M,30,Yes,6,No,3262,Lucyle,F,11,2
200104765,09:00:00,In-Person,TRUE,6,990,Hollenbeck,170,6686,5,330,BURGLARY FROM VEHICLE,302,BLUNT INSTRUMENT,IC,Invest Cont,84744,Lee,M,53,Yes,Yes,1023322,Adolph,M,30,Yes,6,No,2037,Traivon,M,12,2
200104766,04:00:00,In-Person,FALSE,2,322,Southwest,168,7800,8,740,VANDALISM - FELONY ($400 & OVE,200,KNIFE WITH BLADE 6INCHES OR LE,IC,Invest Cont,117190,Jeffery,M,54,Yes,Yes,195645,River,M,39,Yes,3,No,3248,Ciel,F,11,2
200104768,12:30:00,In-Person,FALSE,6,990,Hollenbeck,170,6686,5,662,"BUNCO, GRAND THEFT",512,MACE/PEPPER SPRAY,IC,Invest Cont,24770,Kristen,F,35,Yes,Yes,664532,Caiden,M,33,Yes,2,No,1028,Keahi,M,14,2
200104769,15:35:00,Phone,FALSE,1,223,West Valley,268,3950,8,440,THEFT PLAIN - PETTY ($950 & UN,102,HAND GUN,IC,Invest Cont,10956,Caroline,F,48,Yes,Yes,2318334,Abbey,M,39,Yes,6,No,4111,Rakayla,F,8,2
200104770,14:50:00,In-Person,FALSE,5,893,Harbor,180,6500,10,350,"THEFT, PERSON",221,GLASS,IC,Invest Cont,62507,Mia,F,46,Yes,Yes,923652,Beverley,M,30,Yes,6,No,4003,Melah,F,10,2
200104772,05:00:00,Phone,TRUE,1,223,West Valley,268,3950,8,624,BATTERY - SIMPLE ASSAULT,500,UNKNOWN WEAPON/OTHER WEAPON,IC,Invest Cont,8289,Sherry,F,49,Yes,Yes,759842,Araceli,M,32,Yes,6,No,4111,Rakayla,F,8,2
200104774,11:10:00,Phone,FALSE,2,323,Northeast,255,4100,9,624,BATTERY - SIMPLE ASSAULT,500,UNKNOWN WEAPON/OTHER WEAPON,IC,Invest Cont,68853,Jesus,M,41,Yes,Yes,1491598,Ophelia,M,32,Yes,4,No,3248,Ciel,F,11,2
200104775,13:45:00,In-Person,TRUE,6,990,Hollenbeck,170,6686,5,440,THEFT PLAIN - PETTY ($950 & UN,102,HAND GUN,IC,Invest Cont,120441,Dustin,M,41,Yes,Yes,180266,Lupe,M,30,Yes,6,No,1024,Izreal,M,9,2
200104800,02:15:00,In-Person,TRUE,1,223,West Valley,268,3950,8,761,BRANDISH WEAPON,307,VEHICLE,IC,Invest Cont,86037,Pauline,F,32,Yes,Yes,472368,Keenan,M,31,No,0,No,4111,Rakayla,F,8,2
200104806,10:10:00,Phone,TRUE,3,371,West LA,244,5500,9,888,TRESPASSING,501,BOMB THREAT,IC,Invest Cont,111129,Michele,F,48,Yes,Yes,601484,Raegan,M,30,Yes,5,No,1029,Keysean,M,9,2
200104808,07:05:00,Phone,TRUE,3,336,Van Nuys,250,4149,9,442,SHOPLIFTING - PETTY THEFT ($95,400,"STRONG-ARM (HANDS, FIST, FEET ",IC,Invest Cont,20603,Veronica,F,47,Yes,Yes,1689603,Gillian,M,39,Yes,1,No,1029,Keysean,M,9,2
200104810,20:35:00,Phone,FALSE,6,990,Hollenbeck,170,6686,5,624,BATTERY - SIMPLE ASSAULT,500,UNKNOWN WEAPON/OTHER WEAPON,IC,Invest Cont,117765,Ricky,M,42,Yes,Yes,428482,Bobbie,M,40,No,0,No,2037,Traivon,M,12,2
200104813,19:00:00,Phone,TRUE,6,990,Hollenbeck,170,6686,5,624,BATTERY - SIMPLE ASSAULT,500,UNKNOWN WEAPON/OTHER WEAPON,IC,Invest Cont,39562,Thelma,F,36,Yes,Yes,167364,Rylie,M,32,Yes,7,No,2037,Traivon,M,12,2
200104814,17:50:00,Phone,FALSE,6,990,Hollenbeck,170,6686,5,624,BATTERY - SIMPLE ASSAULT,500,UNKNOWN WEAPON/OTHER WEAPON,IC,Invest Cont,114625,Suzanne,F,38,Yes,Yes,172433,Matteo,M,30,Yes,6,No,2037,Traivon,M,12,2
200104815,23:00:00,Phone,FALSE,1,223,West Valley,268,3950,8,624,BATTERY - SIMPLE ASSAULT,500,UNKNOWN WEAPON/OTHER WEAPON,IC,Invest Cont,62347,Lucille,F,53,Yes,Yes,1056919,Martina,M,33,Yes,3,No,4111,Rakayla,F,8,2
200104817,22:00:00,In-Person,FALSE,2,261,77th Street,150,8889,9,624,BATTERY - SIMPLE ASSAULT,500,UNKNOWN WEAPON/OTHER WEAPON,IC,Invest Cont,60182,Morgan,F,39,Yes,Yes,1380347,Cortney,M,33,Yes,1,No,3248,Ciel,F,11,2
200104818,01:30:00,In-Person,TRUE,6,990,Hollenbeck,170,6686,5,624,BATTERY - SIMPLE ASSAULT,500,UNKNOWN WEAPON/OTHER WEAPON,IC,Invest Cont,48575,Joanne,F,42,Yes,Yes,2012281,Kyleigh,M,35,Yes,1,No,1024,Izreal,M,9,2
200104819,19:30:00,In-Person,FALSE,6,990,Hollenbeck,170,6686,5,330,BURGLARY FROM VEHICLE,302,BLUNT INSTRUMENT,IC,Invest Cont,55695,Troy,M,42,Yes,Yes,1945915,Nayeli,M,34,Yes,3,No,2037,Traivon,M,12,2
200104820,23:10:00,Phone,TRUE,1,223,West Valley,268,3950,8,330,BURGLARY FROM VEHICLE,302,BLUNT INSTRUMENT,IC,Invest Cont,33632,Chloe,F,49,Yes,Yes,357591,Emery,M,41,Yes,4,No,4111,Rakayla,F,8,2
200104821,01:00:00,In-Person,FALSE,6,990,Hollenbeck,170,6686,5,341,THEFT-GRAND ($950.01 & OVER)EX,208,RAZOR,IC,Invest Cont,82389,Anita,F,59,Yes,Yes,1462443,Zackery,M,31,No,0,No,2037,Traivon,M,12,2
200104822,03:40:00,Phone,TRUE,6,990,Hollenbeck,170,6686,5,480,BIKE - STOLEN,504,DEMAND NOTE,IC,Invest Cont,104990,Connor,M,44,Yes,Yes,129322,Kaylin,M,37,No,0,No,2037,Traivon,M,12,2
200104823,19:45:00,In-Person,TRUE,6,990,Hollenbeck,170,6686,5,350,"THEFT, PERSON",221,GLASS,IC,Invest Cont,49696,Isaiah,M,34,Yes,Yes,1043052,Arabella,M,36,No,0,No,2037,Traivon,M,12,2
200104826,14:30:00,Phone,TRUE,3,336,Van Nuys,250,4149,9,341,THEFT-GRAND ($950.01 & OVER)EX,208,RAZOR,IC,Invest Cont,94392,Julian,M,47,Yes,Yes,2189395,Chandra,M,41,No,0,No,1027,Jonavan,M,8,2
200104827,05:00:00,In-Person,TRUE,2,261,77th Street,150,8889,9,626,INTIMATE PARTNER - SIMPLE ASSA,109,SEMI-AUTOMATIC PISTOL,IC,Invest Cont,27407,Jared,M,44,Yes,Yes,2183801,Kimberlee,M,39,Yes,1,No,3248,Ciel,F,11,2
200104829,05:00:00,In-Person,FALSE,3,336,Van Nuys,250,4149,9,740,VANDALISM - FELONY ($400 & OVE,200,KNIFE WITH BLADE 6INCHES OR LE,IC,Invest Cont,91736,Holly,F,38,Yes,Yes,1317668,Roslyn,M,33,Yes,1,No,1029,Keysean,M,9,2
200104835,05:50:00,In-Person,FALSE,2,261,77th Street,150,8889,9,901,VIOLATION OF RESTRAINING ORDER,101,REVOLVER,IC,Invest Cont,81342,Lorraine,F,44,Yes,Yes,834524,Roxie,M,39,Yes,1,No,3248,Ciel,F,11,2
200104836,21:50:00,In-Person,FALSE,3,336,Van Nuys,250,4149,9,740,VANDALISM - FELONY ($400 & OVE,200,KNIFE WITH BLADE 6INCHES OR LE,IC,Invest Cont,4625,Jayden,M,54,Yes,Yes,2020999,Rusty,M,35,No,0,No,1029,Keysean,M,9,2
200104842,09:00:00,Phone,FALSE,3,336,Van Nuys,250,4149,9,330,BURGLARY FROM VEHICLE,302,BLUNT INSTRUMENT,IC,Invest Cont,41703,Geraldine,F,34,Yes,Yes,1196736,Gay,M,32,No,0,No,1029,Keysean,M,9,2
200104843,17:00:00,Phone,FALSE,2,322,Southwest,168,7800,8,910,KIDNAPPING,308,STICK,IC,Invest Cont,92219,Rhonda,F,5,Yes,Yes,868808,Jarvis,M,33,No,0,No,3248,Ciel,F,11,2
200104844,09:20:00,Phone,FALSE,1,223,West Valley,268,3950,8,230,"ASSAULT WITH DEADLY WEAPON, AG",216,SCISSORS,IC,Invest Cont,75945,Dolores,F,34,Yes,Yes,2206033,Pearlie,M,34,Yes,3,No,4111,Rakayla,F,8,2
200104847,17:00:00,In-Person,TRUE,1,223,West Valley,268,3950,8,740,VANDALISM - FELONY ($400 & OVE,200,KNIFE WITH BLADE 6INCHES OR LE,IC,Invest Cont,5963,Vivian,F,30,Yes,Yes,2338127,Efrain,M,30,No,0,No,4111,Rakayla,F,8,2
200104848,18:00:00,In-Person,FALSE,3,371,West LA,244,5500,9,930,CRIMINAL THREATS - NO WEAPON D,212,BOTTLE,IC,Invest Cont,34942,Darlene,F,46,Yes,Yes,1001066,Ahmad,M,35,No,0,No,1029,Keysean,M,9,2
200104849,11:45:00,Phone,FALSE,2,323,Northeast,255,4100,9,442,SHOPLIFTING - PETTY THEFT ($95,400,"STRONG-ARM (HANDS, FIST, FEET ",IC,Invest Cont,82085,Aiden,M,59,Yes,Yes,1853464,Magdalena,M,36,Yes,2,No,3248,Ciel,F,11,2
200104850,05:00:00,Phone,TRUE,6,990,Hollenbeck,170,6686,5,310,BURGLARY,113,SIMULATED GUN,IC,Invest Cont,55275,Calvin,M,46,Yes,Yes,1689228,Beatriz,M,35,Yes,2,No,3262,Lucyle,F,11,2
200104851,23:15:00,In-Person,FALSE,6,990,Hollenbeck,170,6686,5,350,"THEFT, PERSON",221,GLASS,IC,Invest Cont,121514,Shane,M,60,Yes,Yes,549810,Saundra,M,36,No,0,No,3262,Lucyle,F,11,2
200104853,21:00:00,In-Person,FALSE,1,223,West Valley,268,3950,8,440,THEFT PLAIN - PETTY ($950 & UN,102,HAND GUN,IC,Invest Cont,96493,Leo,M,39,Yes,Yes,1489009,Dulce,M,33,Yes,7,No,4111,Rakayla,F,8,2
200104857,15:00:00,Phone,FALSE,6,990,Hollenbeck,170,6686,5,420,THEFT FROM MOTOR VEHICLE - PET,506,FIRE,IC,Invest Cont,67983,Juanita,F,49,Yes,Yes,1478784,Colt,M,32,Yes,1,No,1024,Izreal,M,9,2
200104860,15:30:00,Phone,TRUE,6,990,Hollenbeck,170,6686,5,341,THEFT-GRAND ($950.01 & OVER)EX,208,RAZOR,IC,Invest Cont,95508,Sally,F,33,Yes,Yes,883888,Justice,M,41,Yes,5,No,2037,Traivon,M,12,2
200104861,14:50:00,In-Person,FALSE,2,323,Northeast,255,4100,9,210,ROBBERY,515,PHYSICAL PRESENCE,AO,Adult Other,35053,Bertha,F,41,Yes,No,994327,Paulina,M,31,No,0,No,3249,Cledith,F,13,2
200104863,22:00:00,In-Person,FALSE,3,371,West LA,244,5500,9,330,BURGLARY FROM VEHICLE,302,BLUNT INSTRUMENT,IC,Invest Cont,38417,Gail,F,60,Yes,Yes,1397855,Cali,M,36,No,0,No,1030,Khayri,M,13,2
200104865,05:30:00,In-Person,TRUE,2,323,Northeast,255,4100,9,330,BURGLARY FROM VEHICLE,302,BLUNT INSTRUMENT,IC,Invest Cont,77358,Oscar,M,35,Yes,Yes,244444,Amari,M,30,No,0,No,3249,Cledith,F,13,2
200104866,09:00:00,Phone,FALSE,4,425,Rampart,165,8500,5,121,"RAPE, FORCIBLE",511,VERBAL THREAT,AO,Adult Other,95512,Mike,M,16,Yes,No,1658464,Khalil,M,39,No,0,No,4112,Rashae,F,14,2
200104868,20:00:00,Phone,FALSE,3,371,West LA,244,5500,9,624,BATTERY - SIMPLE ASSAULT,500,UNKNOWN WEAPON/OTHER WEAPON,IC,Invest Cont,66392,Randall,M,31,Yes,Yes,298439,Chuck,M,35,No,0,No,1030,Khayri,M,13,2
200104869,14:50:00,Phone,FALSE,3,336,Van Nuys,250,4149,9,624,BATTERY - SIMPLE ASSAULT,500,UNKNOWN WEAPON/OTHER WEAPON,IC,Invest Cont,23776,Ray,M,53,Yes,Yes,1579948,Eleanore,M,32,No,0,No,1030,Khayri,M,13,2
200104872,18:30:00,Phone,FALSE,3,371,West LA,244,5500,9,330,BURGLARY FROM VEHICLE,302,BLUNT INSTRUMENT,IC,Invest Cont,46007,Bernard,M,34,Yes,Yes,125217,Elissa,M,30,No,0,No,1030,Khayri,M,13,2
200104873,10:30:00,Phone,TRUE,6,990,Hollenbeck,170,6686,5,330,BURGLARY FROM VEHICLE,302,BLUNT INSTRUMENT,IC,Invest Cont,11253,Jeremiah,M,33,Yes,Yes,620113,Jamison,M,36,Yes,4,No,1024,Izreal,M,9,2
200104874,20:00:00,In-Person,FALSE,3,336,Van Nuys,250,4149,9,740,VANDALISM - FELONY ($400 & OVE,200,KNIFE WITH BLADE 6INCHES OR LE,IC,Invest Cont,61458,Dana,F,52,Yes,Yes,1233690,Juana,M,40,No,0,No,1029,Keysean,M,9,2
200104875,19:55:00,Phone,TRUE,6,990,Hollenbeck,170,6686,5,888,TRESPASSING,501,BOMB THREAT,IC,Invest Cont,105999,Brooke,F,35,Yes,Yes,1896793,Ilene,M,30,Yes,2,No,3262,Lucyle,F,11,2
200104879,20:20:00,Phone,TRUE,7,1001,Hollywood,280,3200,8,210,ROBBERY,515,PHYSICAL PRESENCE,IC,Invest Cont,85627,Leroy,M,16,Yes,No,1016740,Kenzie,M,39,Yes,1,No,3263,Lundon,F,9,2
200104880,18:00:00,Phone,TRUE,6,990,Hollenbeck,170,6686,5,440,THEFT PLAIN - PETTY ($950 & UN,102,HAND GUN,IC,Invest Cont,36878,Amelia,F,44,Yes,No,2132172,Maci,M,30,No,0,No,1028,Keahi,M,14,2
200104881,23:00:00,Phone,TRUE,7,1001,Hollywood,280,3200,8,236,INTIMATE PARTNER - AGGRAVATED,205,KITCHEN KNIFE,IC,Invest Cont,28403,Corey,M,39,Yes,Yes,1102828,Kade,M,36,No,0,No,3263,Lundon,F,9,2
200104884,14:00:00,Phone,TRUE,3,336,Van Nuys,250,4149,9,341,THEFT-GRAND ($950.01 & OVER)EX,208,RAZOR,IC,Invest Cont,71716,June,F,48,Yes,Yes,164968,Devin,M,32,No,0,No,1030,Khayri,M,13,2
200104885,16:00:00,In-Person,TRUE,6,990,Hollenbeck,170,6686,5,480,BIKE - STOLEN,504,DEMAND NOTE,IC,Invest Cont,112330,Owen,M,50,Yes,Yes,157128,Josh,M,36,No,0,No,1024,Izreal,M,9,2
200104886,16:25:00,In-Person,TRUE,1,223,West Valley,268,3950,8,440,THEFT PLAIN - PETTY ($950 & UN,102,HAND GUN,IC,Invest Cont,47652,Claire,F,54,Yes,Yes,396290,Odessa,M,39,No,0,No,4111,Rakayla,F,8,2
200104887,15:20:00,Phone,FALSE,7,1001,Hollywood,280,3200,8,946,OTHER MISCELLANEOUS CRIME,204,FOLDING KNIFE,AO,Adult Other,106166,Jay,M,56,Yes,No,188778,Sonny,M,33,Yes,4,No,3263,Lundon,F,9,2
200104895,19:00:00,Phone,FALSE,2,261,77th Street,150,8889,9,510,VEHICLE - STOLEN,207,OTHER KNIFE,IC,Invest Cont,18249,Kristin,F,49,Yes,No,1792105,Ulysses,M,34,No,0,No,3249,Cledith,F,13,2
200104896,18:10:00,Phone,TRUE,1,223,West Valley,268,3950,8,956,"LETTERS, LEWD  -  TELEPHONE CA",206,SWITCH BLADE,IC,Invest Cont,89999,Beatrice,F,52,Yes,No,1476730,Krystle,M,36,No,0,No,4111,Rakayla,F,8,2
200104903,10:00:00,Phone,TRUE,6,990,Hollenbeck,170,6686,5,330,BURGLARY FROM VEHICLE,302,BLUNT INSTRUMENT,IC,Invest Cont,120628,Clifford,M,36,Yes,No,1007375,Lorrie,M,31,Yes,1,No,1024,Izreal,M,9,2
200104911,07:00:00,In-Person,TRUE,6,990,Hollenbeck,170,6686,5,910,KIDNAPPING,308,STICK,IC,Invest Cont,62324,Marion,F,16,Yes,No,2223001,Arline,M,41,No,0,No,2037,Traivon,M,12,2
200104921,12:00:00,In-Person,TRUE,6,990,Hollenbeck,170,6686,5,740,VANDALISM - FELONY ($400 & OVE,200,KNIFE WITH BLADE 6INCHES OR LE,IC,Invest Cont,21263,Tara,F,47,Yes,No,1953424,Sharron,M,32,Yes,1,No,1024,Izreal,M,9,2
200104922,08:30:00,Phone,FALSE,6,990,Hollenbeck,170,6686,5,625,OTHER ASSAULT,104,SHOTGUN,IC,Invest Cont,110431,Madeline,F,50,Yes,No,135909,Deirdre,M,34,Yes,3,No,1024,Izreal,M,9,2
200104924,14:00:00,In-Person,FALSE,6,990,Hollenbeck,170,6686,5,330,BURGLARY FROM VEHICLE,302,BLUNT INSTRUMENT,IC,Invest Cont,92591,Barry,M,53,Yes,Yes,985057,Lilian,M,35,No,0,No,1024,Izreal,M,9,2
200104926,12:00:00,In-Person,FALSE,2,261,77th Street,150,8889,9,331,THEFT FROM MOTOR VEHICLE - GRA,312,PIPE/METAL PIPE,IC,Invest Cont,23770,Debbie,F,38,Yes,Yes,464351,Liza,M,41,No,0,No,1023,Everrett,M,12,2
200104928,12:00:00,Phone,FALSE,6,990,Hollenbeck,170,6686,5,440,THEFT PLAIN - PETTY ($950 & UN,102,HAND GUN,IC,Invest Cont,7593,Eileen,F,42,Yes,Yes,2222629,Madilyn,M,40,Yes,5,No,2037,Traivon,M,12,2
200104934,15:00:00,In-Person,FALSE,7,1001,Hollywood,280,3200,8,442,SHOPLIFTING - PETTY THEFT ($95,400,"STRONG-ARM (HANDS, FIST, FEET ",IC,Invest Cont,4357,Manuel,M,44,Yes,No,1201951,Gunner,M,41,Yes,5,No,3263,Lundon,F,9,2
200104941,16:20:00,In-Person,TRUE,2,261,77th Street,150,8889,9,930,CRIMINAL THREATS - NO WEAPON D,212,BOTTLE,IC,Invest Cont,87222,Ida,F,58,Yes,Yes,1246975,Carey,M,35,Yes,6,No,3249,Cledith,F,13,2
200104945,15:30:00,Phone,TRUE,3,336,Van Nuys,250,4149,9,624,BATTERY - SIMPLE ASSAULT,500,UNKNOWN WEAPON/OTHER WEAPON,IC,Invest Cont,69215,Blake,M,32,Yes,No,1387915,Tommie,M,35,No,0,No,1030,Khayri,M,13,2
200104946,15:30:00,In-Person,TRUE,2,323,Northeast,255,4100,9,624,BATTERY - SIMPLE ASSAULT,500,UNKNOWN WEAPON/OTHER WEAPON,IC,Invest Cont,4972,Dean,M,38,Yes,Yes,1408718,Ned,M,35,No,0,No,3249,Cledith,F,13,2
200104953,19:00:00,Phone,FALSE,7,1001,Hollywood,280,3200,8,230,"ASSAULT WITH DEADLY WEAPON, AG",216,SCISSORS,IC,Invest Cont,47201,Kim,F,59,Yes,No,1069528,Alyce,M,30,Yes,3,No,5555,Shaaron,F,13,2
200104954,22:10:00,Phone,FALSE,7,1001,Hollywood,280,3200,8,624,BATTERY - SIMPLE ASSAULT,500,UNKNOWN WEAPON/OTHER WEAPON,IC,Invest Cont,1616,Bernice,F,48,Yes,Yes,126345,Prince,M,37,No,0,No,3263,Lundon,F,9,2
200104955,02:30:00,Phone,TRUE,6,990,Hollenbeck,170,6686,5,624,BATTERY - SIMPLE ASSAULT,500,UNKNOWN WEAPON/OTHER WEAPON,IC,Invest Cont,40727,Ronnie,M,32,Yes,No,1027550,Everly,M,37,Yes,1,No,2037,Traivon,M,12,2
200104959,01:00:00,Phone,FALSE,1,223,West Valley,268,3950,8,440,THEFT PLAIN - PETTY ($950 & UN,102,HAND GUN,IC,Invest Cont,3663,Gavin,M,57,Yes,Yes,729987,Marta,M,30,No,0,No,1031,Kowen,M,13,2
200104960,23:30:00,Phone,FALSE,6,990,Hollenbeck,170,6686,5,626,INTIMATE PARTNER - SIMPLE ASSA,109,SEMI-AUTOMATIC PISTOL,AA,Adult Arrest,81569,Cassandra,F,49,Yes,No,336087,Melina,M,32,Yes,1,No,1024,Izreal,M,9,2
200104962,14:30:00,Phone,FALSE,1,223,West Valley,268,3950,8,910,KIDNAPPING,308,STICK,IC,Invest Cont,123103,Regina,F,5,Yes,Yes,1152763,Danica,M,30,Yes,1,No,4111,Rakayla,F,8,2
200104963,16:30:00,Phone,FALSE,6,990,Hollenbeck,170,6686,5,440,THEFT PLAIN - PETTY ($950 & UN,102,HAND GUN,IC,Invest Cont,99915,Elsie,F,50,Yes,Yes,1595108,Janae,M,35,No,0,No,2037,Traivon,M,12,2
200104964,18:30:00,In-Person,TRUE,2,261,77th Street,150,8889,9,330,BURGLARY FROM VEHICLE,302,BLUNT INSTRUMENT,IC,Invest Cont,59095,Jo,F,59,Yes,Yes,661227,Jacklyn,M,34,No,0,No,3249,Cledith,F,13,2
200104971,19:00:00,Phone,FALSE,6,990,Hollenbeck,170,6686,5,510,VEHICLE - STOLEN,207,OTHER KNIFE,IC,Invest Cont,33713,Tommy,M,37,Yes,Yes,365990,Elvis,M,35,No,0,No,1024,Izreal,M,9,2
200104972,09:53:00,In-Person,TRUE,6,990,Hollenbeck,170,6686,5,946,OTHER MISCELLANEOUS CRIME,204,FOLDING KNIFE,IC,Invest Cont,68531,Trevor,M,52,Yes,Yes,1991667,Octavia,M,39,Yes,6,No,2037,Traivon,M,12,2
200104974,05:30:00,Phone,TRUE,1,223,West Valley,268,3950,8,330,BURGLARY FROM VEHICLE,302,BLUNT INSTRUMENT,IC,Invest Cont,34895,Stella,F,49,Yes,No,319505,Jeanie,M,32,Yes,3,No,1031,Kowen,M,13,2
200104975,11:00:00,Phone,FALSE,3,336,Van Nuys,250,4149,9,740,VANDALISM - FELONY ($400 & OVE,200,KNIFE WITH BLADE 6INCHES OR LE,IC,Invest Cont,43783,Gertrude,F,36,Yes,Yes,2379270,Wiley,M,33,No,0,No,7010,Syann,F,9,2
200104977,08:20:00,Phone,TRUE,5,887,Newton,275,3409,12,625,OTHER ASSAULT,104,SHOTGUN,IC,Invest Cont,16247,Loretta,F,53,Yes,No,800061,Carley,M,41,No,0,No,2041,Afrika,F,11,2
200104982,14:00:00,Phone,TRUE,7,1001,Hollywood,280,3200,8,860,BATTERY WITH SEXUAL CONTACT,201,KNIFE WITH BLADE OVER 6 INCHES,IC,Invest Cont,54434,Sydney,F,5,Yes,No,1330817,Tyler,M,36,No,0,No,3263,Lundon,F,9,2
200104990,16:30:00,In-Person,FALSE,1,223,West Valley,268,3950,8,624,BATTERY - SIMPLE ASSAULT,500,UNKNOWN WEAPON/OTHER WEAPON,AA,Adult Arrest,95106,Oliver,M,33,Yes,Yes,1851445,Santos,M,40,Yes,7,No,1031,Kowen,M,13,2
200104991,17:30:00,Phone,FALSE,1,223,West Valley,268,3950,8,442,SHOPLIFTING - PETTY THEFT ($95,400,"STRONG-ARM (HANDS, FIST, FEET ",IC,Invest Cont,33649,Chelsea,F,57,Yes,No,795843,Shayna,M,34,Yes,1,No,4111,Rakayla,F,8,2
200104992,01:00:00,Phone,TRUE,7,1001,Hollywood,280,3200,8,210,ROBBERY,515,PHYSICAL PRESENCE,IC,Invest Cont,29324,Roberta,F,39,Yes,Yes,1386718,Reese,M,41,No,0,No,3263,Lundon,F,9,2
200104993,16:30:00,In-Person,TRUE,2,322,Southwest,168,7800,8,624,BATTERY - SIMPLE ASSAULT,500,UNKNOWN WEAPON/OTHER WEAPON,AA,Adult Arrest,47009,Savannah,F,52,Yes,Yes,2050118,Rhea,M,36,Yes,7,No,3249,Cledith,F,13,2
200104994,01:00:00,In-Person,FALSE,6,990,Hollenbeck,170,6686,5,210,ROBBERY,515,PHYSICAL PRESENCE,AA,Adult Arrest,17562,Lindsey,F,46,Yes,No,1664186,Al,M,30,No,0,No,2037,Traivon,M,12,2
200104997,13:00:00,Phone,FALSE,1,223,West Valley,268,3950,8,624,BATTERY - SIMPLE ASSAULT,500,UNKNOWN WEAPON/OTHER WEAPON,IC,Invest Cont,113400,Colleen,F,60,Yes,No,104132,Cathryn,M,33,Yes,1,No,4444,Miciah,F,8,2
200105001,19:50:00,Phone,FALSE,3,371,West LA,244,5500,9,761,BRANDISH WEAPON,307,VEHICLE,IC,Invest Cont,88764,Mitchell,M,46,Yes,Yes,1856466,Asa,M,36,Yes,2,No,1026,Jermale,M,9,2
200105005,01:00:00,Phone,FALSE,6,990,Hollenbeck,170,6686,5,626,INTIMATE PARTNER - SIMPLE ASSA,109,SEMI-AUTOMATIC PISTOL,IC,Invest Cont,26651,Charlie,M,37,Yes,No,861172,Augustus,M,36,Yes,4,Yes,1024,Izreal,M,9,2
200105006,11:30:00,Phone,FALSE,1,223,West Valley,268,3950,8,740,VANDALISM - FELONY ($400 & OVE,200,KNIFE WITH BLADE 6INCHES OR LE,IC,Invest Cont,55751,Dominic,M,60,Yes,No,1931260,Emory,M,31,No,0,No,4111,Rakayla,F,8,2
200105008,16:40:00,In-Person,FALSE,6,990,Hollenbeck,170,6686,5,440,THEFT PLAIN - PETTY ($950 & UN,102,HAND GUN,IC,Invest Cont,36696,Annette,F,37,Yes,No,723021,Consuelo,M,34,No,0,No,1024,Izreal,M,9,2
200105009,16:30:00,In-Person,FALSE,1,223,West Valley,268,3950,8,440,THEFT PLAIN - PETTY ($950 & UN,102,HAND GUN,IC,Invest Cont,69047,Stacy,F,37,Yes,No,301688,Chrystal,M,41,Yes,5,Yes,1031,Kowen,M,13,2
200105010,08:00:00,Phone,FALSE,7,1001,Hollywood,280,3200,8,440,THEFT PLAIN - PETTY ($950 & UN,102,HAND GUN,IC,Invest Cont,57220,Laurie,F,30,Yes,Yes,126883,Curt,M,39,Yes,1,No,3263,Lundon,F,9,2
200105014,14:30:00,Phone,FALSE,3,336,Van Nuys,250,4149,9,740,VANDALISM - FELONY ($400 & OVE,200,KNIFE WITH BLADE 6INCHES OR LE,AO,Adult Other,60420,Chase,M,52,Yes,Yes,1522186,Althea,M,31,No,0,No,1026,Jermale,M,9,2
200105015,12:00:00,In-Person,FALSE,7,1001,Hollywood,280,3200,8,354,THEFT OF IDENTITY,513,STUN GUN,IC,Invest Cont,10610,Leon,M,53,Yes,Yes,1414706,Joselyn,M,40,No,0,No,3263,Lundon,F,9,2
200105019,11:50:00,In-Person,FALSE,1,223,West Valley,268,3950,8,910,KIDNAPPING,308,STICK,IC,Invest Cont,39184,Bessie,F,5,Yes,No,2191923,Nicolette,M,34,Yes,1,Yes,1031,Kowen,M,13,2
200105023,10:00:00,Phone,FALSE,1,223,West Valley,268,3950,8,330,BURGLARY FROM VEHICLE,302,BLUNT INSTRUMENT,IC,Invest Cont,14067,Seth,M,56,Yes,Yes,80697,Charmaine,M,34,No,0,No,2042,Amilah,F,12,2
200105026,19:10:00,Phone,FALSE,6,990,Hollenbeck,170,6686,5,341,THEFT-GRAND ($950.01 & OVER)EX,208,RAZOR,IC,Invest Cont,45395,Kaitlyn,F,50,Yes,Yes,1685744,Major,M,31,No,0,Yes,1024,Izreal,M,9,2
200105027,14:45:00,In-Person,FALSE,5,893,Harbor,180,6500,10,341,THEFT-GRAND ($950.01 & OVER)EX,208,RAZOR,IC,Invest Cont,34437,Don,M,47,Yes,No,1694233,Chantel,M,34,Yes,2,Yes,4003,Melah,F,10,2
200105028,00:45:00,In-Person,FALSE,3,371,West LA,244,5500,9,341,THEFT-GRAND ($950.01 & OVER)EX,208,RAZOR,IC,Invest Cont,77896,Naomi,F,50,Yes,No,51998,Parker,M,34,No,0,Yes,2038,Veldon,M,11,2
200105029,13:10:00,Phone,FALSE,3,371,West LA,244,5500,9,341,THEFT-GRAND ($950.01 & OVER)EX,208,RAZOR,IC,Invest Cont,83222,Jeanette,F,39,Yes,No,1453182,Anya,M,39,No,0,No,2038,Veldon,M,11,2
200105030,18:00:00,Phone,FALSE,5,887,Newton,275,3409,12,330,BURGLARY FROM VEHICLE,302,BLUNT INSTRUMENT,IC,Invest Cont,66225,Hailey,F,35,Yes,Yes,2330665,Blair,M,37,No,0,Yes,4002,Lynnmarie,F,12,2
200105033,20:15:00,Phone,FALSE,3,336,Van Nuys,250,4149,9,330,BURGLARY FROM VEHICLE,302,BLUNT INSTRUMENT,IC,Invest Cont,118765,Jeanne,F,49,Yes,No,589208,Karter,M,40,Yes,1,Yes,2038,Veldon,M,11,2
200105035,19:15:00,Phone,FALSE,7,1001,Hollywood,280,3200,8,440,THEFT PLAIN - PETTY ($950 & UN,102,HAND GUN,IC,Invest Cont,118501,Darrell,M,38,Yes,No,178343,Lina,M,35,Yes,6,No,3263,Lundon,F,9,2
200105036,10:30:00,Phone,FALSE,7,1001,Hollywood,280,3200,8,860,BATTERY WITH SEXUAL CONTACT,201,KNIFE WITH BLADE OVER 6 INCHES,IC,Invest Cont,69847,Lloyd,M,30,Yes,No,1530638,Bruno,M,41,Yes,4,No,3263,Lundon,F,9,2
200105041,20:00:00,Phone,FALSE,7,1001,Hollywood,280,3200,8,350,"THEFT, PERSON",221,GLASS,IC,Invest Cont,122915,Carter,M,37,Yes,Yes,2237092,Porter,M,35,No,0,Yes,3263,Lundon,F,9,2
200105042,11:20:00,Phone,FALSE,7,1001,Hollywood,280,3200,8,850,INDECENT EXPOSURE,304,CLUB/BAT,IC,Invest Cont,43043,Jerome,M,46,Yes,Yes,310226,Tyrell,M,32,Yes,3,Yes,3263,Lundon,F,9,2
200106253,10:00:00,In-Person,FALSE,3,336,Van Nuys,250,4149,9,510,VEHICLE - STOLEN,207,OTHER KNIFE,IC,Invest Cont,77493,Lucy,F,32,Yes,No,1394795,Skylar,M,32,Yes,1,No,1027,Jonavan,M,8,2
200109519,13:26:00,Phone,FALSE,6,990,Hollenbeck,170,6686,5,740,VANDALISM - FELONY ($400 & OVE,200,KNIFE WITH BLADE 6INCHES OR LE,IC,Invest Cont,29630,Wesley,M,30,Yes,Yes,2240583,Tate,M,41,No,0,No,3259,Kla,F,8,2
200118692,04:10:00,In-Person,TRUE,3,336,Van Nuys,250,4149,9,210,ROBBERY,515,PHYSICAL PRESENCE,IC,Invest Cont,6105,Danny,M,50,Yes,Yes,11292,Cecile,M,36,Yes,3,No,1029,Keysean,M,9,2
200312028,01:25:00,Phone,TRUE,3,336,Van Nuys,250,4149,9,251,SHOTS FIRED AT INHABITED DWELL,303,BRASS KNUCKLES,IC,Invest Cont,121854,Rodney,M,54,Yes,Yes,784806,Letha,M,41,Yes,6,No,4004,Mirakle,F,9,2
200312841,19:30:00,Phone,FALSE,7,1001,Hollywood,280,3200,8,510,VEHICLE - STOLEN,207,OTHER KNIFE,IC,Invest Cont,33799,Cathy,F,41,Yes,Yes,822615,Suzette,M,32,No,0,No,5555,Shaaron,F,13,2
200404614,13:45:00,Phone,FALSE,2,261,77th Street,150,8889,9,624,BATTERY - SIMPLE ASSAULT,500,UNKNOWN WEAPON/OTHER WEAPON,IC,Invest Cont,6864,Lynn,F,39,Yes,No,170100,Belle,M,30,Yes,7,No,2034,Royston,M,11,2
200406105,02:30:00,Phone,FALSE,6,990,Hollenbeck,170,6686,5,230,"ASSAULT WITH DEADLY WEAPON, AG",216,SCISSORS,AO,Adult Other,28463,Jon,M,5,Yes,Yes,471595,Raelynn,M,39,No,0,Yes,1024,Izreal,M,9,2
200406875,13:30:00,Phone,FALSE,7,1001,Hollywood,280,3200,8,236,INTIMATE PARTNER - AGGRAVATED,205,KITCHEN KNIFE,AA,Adult Arrest,86945,Liam,M,56,Yes,Yes,352670,Alexus,M,33,No,0,No,7100,Varnika,F,12,2
200510041,15:30:00,Phone,TRUE,6,990,Hollenbeck,170,6686,5,510,VEHICLE - STOLEN,207,OTHER KNIFE,IC,Invest Cont,101754,Rosa,F,54,Yes,Yes,2235999,Avis,M,33,Yes,1,No,1028,Keahi,M,14,2
200514132,10:00:00,Phone,FALSE,1,223,West Valley,268,3950,8,440,THEFT PLAIN - PETTY ($950 & UN,102,HAND GUN,IC,Invest Cont,65202,Renee,F,57,Yes,Yes,716390,Loraine,M,40,No,0,No,2042,Amilah,F,12,2
200606968,17:30:00,In-Person,TRUE,6,990,Hollenbeck,170,6686,5,740,VANDALISM - FELONY ($400 & OVE,200,KNIFE WITH BLADE 6INCHES OR LE,IC,Invest Cont,23198,Lori,F,34,Yes,Yes,833103,Elma,M,40,Yes,3,No,1028,Keahi,M,14,2
200608336,11:20:00,Phone,FALSE,7,1001,Hollywood,280,3200,8,624,BATTERY - SIMPLE ASSAULT,500,UNKNOWN WEAPON/OTHER WEAPON,IC,Invest Cont,120510,Gabriel,M,46,Yes,Yes,328660,Noe,M,40,Yes,5,No,5555,Shaaron,F,13,2
200707725,20:00:00,Phone,TRUE,1,223,West Valley,268,3950,8,330,BURGLARY FROM VEHICLE,302,BLUNT INSTRUMENT,IC,Invest Cont,122260,Warren,M,52,Yes,Yes,964979,Abram,M,41,No,0,No,4111,Rakayla,F,8,2
200707993,05:00:00,In-Person,FALSE,4,425,Rampart,165,8500,5,420,THEFT FROM MOTOR VEHICLE - PET,506,FIRE,IC,Invest Cont,51632,Eddie,M,38,Yes,Yes,465629,Londyn,M,41,No,0,No,4005,Nabeeha,F,10,2
200807638,23:30:00,Phone,FALSE,4,425,Rampart,165,8500,5,740,VANDALISM - FELONY ($400 & OVE,200,KNIFE WITH BLADE 6INCHES OR LE,IC,Invest Cont,1201,Chad,M,30,Yes,Yes,2194914,Reece,M,37,Yes,5,No,3223,Anayely,F,11,2
200809925,15:00:00,In-Person,FALSE,3,371,West LA,244,5500,9,354,THEFT OF IDENTITY,513,STUN GUN,IC,Invest Cont,46031,Gordon,M,50,Yes,No,668403,Russel,M,30,No,0,No,3246,Bonnell,F,9,2
201009466,12:00:00,Phone,FALSE,6,990,Hollenbeck,170,6686,5,649,DOCUMENT FORGERY / STOLEN FELO,311,HAMMER,IC,Invest Cont,75235,Peggy,F,36,Yes,Yes,475120,Robert,M,30,Yes,4,No,1028,Keahi,M,14,2
201219885,08:35:00,Phone,FALSE,4,425,Rampart,165,8500,5,626,INTIMATE PARTNER - SIMPLE ASSA,109,SEMI-AUTOMATIC PISTOL,AO,Adult Other,105465,Lydia,F,42,Yes,No,1327000,Kobe,M,34,Yes,4,Yes,3223,Anayely,F,11,2
201221820,06:00:00,Phone,TRUE,4,425,Rampart,165,8500,5,624,BATTERY - SIMPLE ASSAULT,500,UNKNOWN WEAPON/OTHER WEAPON,AO,Adult Other,90459,Herbert,M,42,Yes,Yes,1557076,Ignacio,M,40,Yes,6,No,4112,Rashae,F,14,2
201312345,19:00:00,Phone,FALSE,6,990,Hollenbeck,170,6686,5,510,VEHICLE - STOLEN,207,OTHER KNIFE,IC,Invest Cont,12159,Miguel,M,59,Yes,No,340097,Jerry,M,37,Yes,1,No,3260,Loletha,F,14,2
201408982,07:20:00,Phone,FALSE,3,371,West LA,244,5500,9,888,TRESPASSING,501,BOMB THREAT,IC,Invest Cont,84684,Jessie,F,60,Yes,No,757789,Lilliana,M,40,No,0,No,2035,Rue,M,12,2
201417322,11:00:00,Phone,TRUE,1,223,West Valley,268,3950,8,341,THEFT-GRAND ($950.01 & OVER)EX,208,RAZOR,IC,Invest Cont,76766,Elaine,F,30,Yes,Yes,456590,Selina,M,33,Yes,6,No,2042,Amilah,F,12,2
201417565,16:00:00,Phone,FALSE,6,990,Hollenbeck,170,6686,5,310,BURGLARY,113,SIMULATED GUN,IC,Invest Cont,31666,Molly,F,36,Yes,Yes,1422286,Nanette,M,39,No,0,Yes,1028,Keahi,M,14,2
201510689,15:00:00,In-Person,FALSE,3,336,Van Nuys,250,4149,9,440,THEFT PLAIN - PETTY ($950 & UN,102,HAND GUN,IC,Invest Cont,30619,Angel,M,47,Yes,Yes,1254602,Chanel,M,31,Yes,2,No,3245,Arretta,F,12,2
211005965,08:00:00,Phone,FALSE,6,990,Hollenbeck,170,6686,5,341,THEFT-GRAND ($950.01 & OVER)EX,208,RAZOR,IC,Invest Cont,72184,Jill,F,58,Yes,Yes,961791,Sarai,M,32,No,0,No,3260,Loletha,F,14,2
211008707,16:57:00,Phone,FALSE,5,893,Harbor,180,6500,10,354,THEFT OF IDENTITY,513,STUN GUN,IC,Invest Cont,57592,Brett,M,55,Yes,No,79412,Brandie,M,36,Yes,1,No,4010,Neeka,F,13,2
211507896,08:45:00,In-Person,FALSE,6,990,Hollenbeck,170,6686,5,354,THEFT OF IDENTITY,513,STUN GUN,IC,Invest Cont,31357,Russell,M,56,Yes,Yes,291433,Flossie,M,36,Yes,7,No,1028,Keahi,M,14,2
